"","x"
"h11_id","가구 패널 ID(h11_id)"
"h11_ind","가구생성차수(h11_ind)"
"h11_sn","가구분리일련번호(h11_sn)"
"h11_merkey","패널간 가구머지 키변수(h11_merkey)"
"h_new","7차 추가표본(1,800가구) 구분(h_new)"
"h11_cobf","분가사유(h11_cobf)"
"h11_reg5","5개 권역별 지역구분(h11_reg5)"
"h11_reg7","7개 권역별 지역구분(h11_reg7)"
"h11_din","가처분소득(h11_din)"
"h11_cin","경상소득(h11_cin)"
"h11_flag","가처분소득 및 경상소득 -Imputation 여부(무응답 대체법 적용 여부)(h11_flag)"
"p11_wgl","개인 일반 가중치(모수추정, 종단면분석)(p11_wgl)"
"p11_wsl","개인 표준 가중치(표본분석, 종단면분석)(p11_wsl)"
"p11_wgc","개인 일반 가중치(모수추정, 횡단면분석)(p11_wgc)"
"p11_wsc","개인 표준 가중치(표본분석, 횡단면분석)(p11_wsc)"
"h11_hc","균등화소득에 따른 가구구분 (중위 균등화소득의 60% 기준)(h11_hc)"
"nh1101_1","신규가구 생성시기 년(nh1101_1)"
"nh1101_2","신규가구 생성시기 월(nh1101_2)"
"h1101_1","가구원수(h1101_1)"
"h11_pind","가구원 가구진입차수(h11_pind)"
"h11_pid","개인 패널ID(h11_pid)"
"h11_g1","가구원 번호(h11_g1)"
"h11_g2","가구주와의 관계(h11_g2)"
"h11_g3","성별(h11_g3)"
"h11_g4","태어난 연도(h11_g4)"
"h11_g6","교육수준1(h11_g6)"
"h11_g7","교육수준2(h11_g7)"
"h11_g8","장애종류(h11_g8)"
"h11_g9","장애등급(h11_g9)"
"h11_g10","혼인상태(h11_g10)"
"h11_g11","종교(h11_g11)"
"h11_g12","동거여부(h11_g12)"
"h1101_110","가구형태(h1101_110)"
"h1101_5aq1","기초보장수급형태1(1~6월)(h1101_5aq1)"
"h1101_5aq2","기초보장수급형태2(1~6월)(h1101_5aq2)"
"h1101_5aq3","의료급여 수급형태1(1~6월)(h1101_5aq3)"
"h1101_5aq4","의료급여 수급형태2(1~6월)(h1101_5aq4)"
"h1101_11aq1","생계급여 수급여부(7~12월)(h1101_11aq1)"
"h1101_11aq2","생계급여 수급형태1(7~12월)(h1101_11aq2)"
"h1101_11aq3","생계급여 수급형태2(7~12월)(h1101_11aq3)"
"h1101_11aq4","의료급여 수급여부(7~12월)(h1101_11aq4)"
"h1101_11aq5","의료급여 수급형태1(7~12월)(h1101_11aq5)"
"h1101_11aq6","의료급여 수급형태2(7~12월)(h1101_11aq6)"
"h1101_11aq7","주거급여 수급여부(7~12월)(h1101_11aq7)"
"h1101_11aq8","주거급여 수급형태1(7~12월)(h1101_11aq8)"
"h1101_11aq9","교육급여 수급여부(7~12월)(h1101_11aq9)"
"h1101_11aq10","교육급여 수급자 수1(7~12월)(h1101_11aq10)"
"h11_med1","가구원번호(h11_med1)"
"h11_med2","건강상태(h11_med2)"
"h11_med3","1년간 의료기관 이용 외래진료횟수(h11_med3)"
"h11_med4","입원횟수(h11_med4)"
"h11_med5","입원일수(h11_med5)"
"h11_med6","병원에 입원한 이유(h11_med6)"
"h11_med7","주로 이용하는 의료기관 형태(h11_med7)"
"h11_med8","1년간 건강검진 횟수(h11_med8)"
"h11_g9_1","만성질환(h11_g9_1)"
"h11_med9","주요병명(h11_med9)"
"h11_med10","민간의료보험 가입건수(h11_med10)"
"h11_eco1","가구원 번호(h11_eco1)"
"h11_eco2","근로 능력 정도(h11_eco2)"
"h11_eco3","근로무능력사유(h11_eco3)"
"h11_eco4","주된 경제활동 참여상태(h11_eco4)"
"h11_eco4_1","경제활동 참여상태(12월 31일기준)(h11_eco4_1)"
"h11_eco5_1","고용관계(h11_eco5_1)"
"h11_eco6","근로시간형태(h11_eco6)"
"h11_eco_7_1","근로계약기간 설정여부(h11_eco_7_1)"
"h11_eco_7_2","근로지속가능성(h11_eco_7_2)"
"h11_eco_7_3","근로지속불가능 사유(h11_eco_7_3)"
"h11_eco8","업종(h11_eco8)"
"h11_eco9","직종(h11_eco9)"
"h11_eco10","사업장규모(h11_eco10)"
"h11_eco11","비경제활동사유(h11_eco11)"
"h11_soc1","가구원번호(h11_soc1)"
"h11_soc_2","공적연금가입형태(h11_soc_2)"
"h11_soc_3","공적연금에 가입하고 있는 연금제도(h11_soc_3)"
"h11_soc_4","국민연금 가입종별(h11_soc_4)"
"h11_soc_5","국민연금 납입여부(h11_soc_5)"
"h11_soc_6","국민연금 미납유형(h11_soc_6)"
"h11_soc_7","국민연금 납부예외사유(h11_soc_7)"
"h11_soc_8","국민연금 납부예외 기간(h11_soc_8)"
"h11_soc_9","국민연금 미납이유(h11_soc_9)"
"h11_soc_10","국민연금 미납기간(h11_soc_10)"
"h11_soc_11","국민연금 미가입 이유(h11_soc_11)"
"h11_soc8","산재보험 가입여부(h11_soc8)"
"h11_soc9","고용보험 가입여부(h11_soc9)"
"h11_soc11","퇴직금 적용여부(h11_soc11)"
"h11_soc10","퇴직연금 가입여부(h11_soc10)"
"h11_soc_12","개인연금 가입여부(h11_soc_12)"
"h11_soc_13","건강보험 가입여부(h11_soc_13)"
"h1105_1","건강보험 가입여부(h1105_1)"
"h1105_3aq1","가입자의 해당종류(h1105_3aq1)"
"h1105_2","미가입자의 혜택종류(h1105_2)"
"h1105_3","의료급여서비스 문제점(h1105_3)"
"h1105_4","건강보험료 미납경험(h1105_4)"
"h1105_5","건강보험료 미납이유(h1105_5)"
"h1105_6","건강보험료 미납기간(h1105_6)"
"h1105_7","건강보험 문제점(h1105_7)"
"nh1105_8","건강보험의 보험료에 합당한 보장정도(nh1105_8)"
"nh1105_9","의료기관 진료 및 진료 서비스의 만족도(nh1105_9)"
"h1105_3aq2","민간의료보험의 월평균 보험료(h1105_3aq2)"
"h1106_aq1","이사경험 여부(h1106_aq1)"
"h1106_1","주택유형(h1106_1)"
"h1106_2","주거위치(h1106_2)"
"h1106_4","방수(h1106_4)"
"h1106_5","주거면적(h1106_5)"
"h1106_3","집의 (등기상) 점유형태(h1106_3)"
"h1106_6","집의 가격(h1106_6)"
"h1106_8","주택구입비용, 보증금 마련 경로(1순위)(h1106_8)"
"h1106_9","주택구입비용, 보증금 마련 경로(2순위)(h1106_9)"
"h1106_aq2","1년간 총 원금상환액(가)(h1106_aq2)"
"h1106_aq3","12월 31일 기준 주택관련 부채액(나)(h1106_aq3)"
"h1106_10","1년간 대출상환액 연체횟수(h1106_10)"
"h1106_11","주택의 구조, 성능 및 환경(가)(h1106_11)"
"h1106_12","주택의 구조, 성능 및 환경(나)(h1106_12)"
"h1106_13","주택의 구조, 성능 및 환경(다)(h1106_13)"
"h1106_14","주택의 구조, 성능 및 환경(라)(h1106_14)"
"h1106_21","주거시설 사용형태_상하수도(h1106_21)"
"h1106_22","주거시설 사용형태_부엌(h1106_22)"
"h1106_23","주거시설 사용형태_화장실(h1106_23)"
"h1106_24","주거시설 사용형태_목욕시설(h1106_24)"
"h1106_25","주거시설 사용형태_난방시설(h1106_25)"
"h1106_27","주거복지사업 이용경험_영구임대주택(가)(h1106_27)"
"h1106_30","주거복지사업 이용경험_공공(국민)임대주택(나)(h1106_30)"
"h1106_33","주거복지사업 이용경험_전세자금(융자)지원(다)(h1106_33)"
"h1106_36","주거복지사업 이용경험_저소득층 월세지원(라)(h1106_36)"
"h1106_39","주거복지사업 이용경험_주택구입자금(융자)지원(마)(h1106_39)"
"h1106_3aq1","기타_이용경험(바)(h1106_3aq1)"
"h1107_3aq1","식료품비-가정식비(h1107_3aq1)"
"h1107_3aq2","식료품비-외식비(h1107_3aq2)"
"h1107_5aq1","식료품비-주류ㆍ담배비(h1107_5aq1)"
"h1107_3aq3","주거비-월세(h1107_3aq3)"
"h1107_3aq4","주거비-주거관리비(h1107_3aq4)"
"h1107_3aq5","광열수도비(h1107_3aq5)"
"h1107_6aq1","광열수도비-이 중 난방비(h1107_6aq1)"
"h1107_3aq6","가구가사용품비-가구집기ㆍ가사용품비(h1107_3aq6)"
"h1107_5aq2","가구가사용품비-보육료비(h1107_5aq2)"
"h1107_3aq7","피복신발비(h1107_3aq7)"
"h1107_3aq8","보건의료비(h1107_3aq8)"
"h1107_3aq9","교육비-공교육비(h1107_3aq9)"
"h1107_3aq10","교육비-사교육비(h1107_3aq10)"
"h1107_3aq11","교양오락비(h1107_3aq11)"
"h1107_5aq3","교통비(h1107_5aq3)"
"h1107_5aq4","통신비(h1107_5aq4)"
"h1107_3aq13","기타소비지출(h1107_3aq13)"
"h1107_6aq4","기타소비-이 중 경조비(h1107_6aq4)"
"h1107_6aq6","기타소비-이 중 종교관련비(십일조)(h1107_6aq6)"
"h1107_3aq14","비동거가구원에게 보낸 월평균 송금보조비(h1107_3aq14)"
"h1107_3aq15","부모에게 보낸 월평균 송금보조비(h1107_3aq15)"
"h1107_3aq16","자녀에게 보낸 월평균 송금보조비(h1107_3aq16)"
"h1107_3aq17","기타 가구원이 아닌 부모?자녀?친지에게 보낸 월평균 송금보조비(h1107_3aq17)"
"h1107_4","세금(h1107_4)"
"h1107_6aq7","세금-이 중 소득세(h1107_6aq7)"
"h1107_6aq8","세금-이 중 재산세(h1107_6aq8)"
"h1107_6aq9","세금-이 중 자동차세(h1107_6aq9)"
"h1107_6aq10","세금-이 중 종합소득세(h1107_6aq10)"
"h1107_6aq11","세금-이 중 부동산세(h1107_6aq11)"
"h1107_5","사회보장부담금(h1107_5)"
"h1107_6aq12","사회보장부담-이 중 국민연금보험료(h1107_6aq12)"
"h1107_6aq13","사회보장부담-이 중 건강보험료(h1107_6aq13)"
"h1107_6aq14","사회보장부담-이 중 고용보험료(h1107_6aq14)"
"h1107_9","총생활비(h1107_9)"
"h1109_9","주관적 최저생활비(h1109_9)"
"h1109_6aq4","주관적 적정생활비(h1109_6aq4)"
"h11_inc1","가구원번호(h11_inc1)"
"h11_inc2_1","해당여부(h11_inc2_1)"
"h11_inc2_2","일한 개월수(月)(h11_inc2_2)"
"h11_inc3_1","해당여부(h11_inc3_1)"
"h11_inc3_2","일한 개월수(月)(h11_inc3_2)"
"h11_inc4_1","해당여부(h11_inc4_1)"
"h11_inc4_2","일한 개월수(月)(h11_inc4_2)"
"h11_inc5_1","해당여부(h11_inc5_1)"
"h11_inc5_2","일한 개월수(月)(h11_inc5_2)"
"h11_inc6_1","해당여부(h11_inc6_1)"
"h11_inc6_2","일한 개월수(月)(h11_inc6_2)"
"h11_inc7_1","해당여부(h11_inc7_1)"
"h11_inc7_2","일한 개월수(月)(h11_inc7_2)"
"h1108_106","상용근로자 수 합계(h1108_106)"
"h1108_107","임시?일용근로자 수 합계(h1108_107)"
"h1108_108","고용주?자영자 수 합계(h1108_108)"
"h1108_109","농림?축산업 경영주 수 합계(h1108_109)"
"h1108_110","어업 경영주 수 합계(h1108_110)"
"h1108_111","무급가족종사자?가사 또는 육아?학생?기타 수 합계(h1108_111)"
"h11_inc2_3","상용-가구원번호(h11_inc2_3)"
"h11_inc2","상용-연간총급여액(h11_inc2)"
"h11_inc3_6","임시일용-가구원번호(h11_inc3_6)"
"h11_inc3","임시일용-연간총급여액(h11_inc3)"
"h11_inc4_7","고용주및자영자-가구원번호(h11_inc4_7)"
"h11_inc4","고용주및자영자-연간순소득(h11_inc4)"
"h11_inc4_8","고용주및자영자-가구원번호(h11_inc4_8)"
"h11_inc4_9","고용주및자영자-연간 전입소득(h11_inc4_9)"
"h1108_155","농림축산언 경영주-논(h1108_155)"
"h1108_156","농림축산언 경영주-밭(h1108_156)"
"h1108_157","농림축산언 경영주-임야(산)(h1108_157)"
"h1108_158","농림축산언 경영주-기타(특용작물 등)(h1108_158)"
"h1108_160","농림축산-판매수입(A)(h1108_160)"
"h1108_159","농림축산-자가소비액(B)(h1108_159)"
"h1108_3aq3","농림축산-이전소비액(C)(h1108_3aq3)"
"h1108_161","농림축산-합계(A+B+C)(h1108_161)"
"h1108_162","농림축산-잡수입(D)(h1108_162)"
"h1108_163","농림축산-총비용(E)(h1108_163)"
"h1108_164","농림축산-순소득(A+B+C+D-E)(h1108_164)"
"h1108_166","어업-판애수입(A)(h1108_166)"
"h1108_165","어업-자가소비액(B)(h1108_165)"
"h1108_3aq4","어업-이전소비액(C)(h1108_3aq4)"
"h1108_167","어업-합계(A+B+C)(h1108_167)"
"h1108_168","어업-잡수입총액(D)(h1108_168)"
"h1108_169","어업-총비용(E)(h1108_169)"
"h1108_170","어업-순소득(A+B+C+D-E)(h1108_170)"
"h11_inc7_3","기타-가구원번호(h11_inc7_3)"
"h11_inc7","기타-기타근로소득(h11_inc7)"
"h1108_aq9","이자, 배당금 연간소득(h1108_aq9)"
"h1108_aq10","임대료 연간소득(h1108_aq10)"
"h1108_aq11","기타(자격증 대여 등) 연간소득(h1108_aq11)"
"h1108_aq12","공적연금 연간소득(h1108_aq12)"
"h1108_aq13","고용보험 연간소득(h1108_aq13)"
"h1108_aq14","산재보험 연간소득(h1108_aq14)"
"h1108_aq15","개인연금 연간소득(h1108_aq15)"
"h1108_6aq1","퇴직연금 연간소득(h1108_6aq1)"
"h1108_aq16","장애수당(장애인 연금, 경증장애수당) 또는 장애아동수당(h1108_aq16)"
"h1108_10aq1","기초연금(h1108_10aq1)"
"h1108_aq19","한부모가족지원(h1108_aq19)"
"h1108_aq20","가정위탁금 또는 소년소녀가장보호비(h1108_aq20)"
"h1108_aq21","양육수당(영유아 양육지원)(h1108_aq21)"
"h1108_5aq3","보육료 지원(i-사랑 카드, 아이즐거운 카드)(h1108_5aq3)"
"h1108_7aq1","보육료 지원-지출을 전제로 한 현물 및 현금(h1108_7aq1)"
"h1108_aq22","학비지원(농림부지원 포함)(h1108_aq22)"
"h1108_7aq2","학비지원-지출을 전제로 한 현물 및 현금(h1108_7aq2)"
"h1108_aq23","국가유공자에 대한 보조금(보훈연금 제외)(h1108_aq23)"
"h1108_aq24","농어업 정부보조금(h1108_aq24)"
"h1108_4aq116","긴급복지지원금(h1108_4aq116)"
"h1108_4aq117","기타 바우처 지원금(h1108_4aq117)"
"h1108_5aq1","근로장려세제(h1108_5aq1)"
"h1108_11aq1","자녀장려세제(h1108_11aq1)"
"h1108_7aq4","급식비 지원(h1108_7aq4)"
"h1108_7aq5","급식비 지원-지출을 전제로 한 바우처 또는 현금(h1108_7aq5)"
"h1108_7aq6","에너지 감면 또는 보조(전기료, 가스비 등)(h1108_7aq6)"
"h1108_7aq7","에너지-지출을 전제로 한 바우처 또는 현금(h1108_7aq7)"
"h1108_7aq8","통신 감면 또는 보조(전화비, 인터넷 등)(h1108_7aq8)"
"h1108_7aq9","통신-지출을 전제로 한 바우처 또는 현금(h1108_7aq9)"
"h1108_aq25","기타 보조금(h1108_aq25)"
"h1108_7aq10","기타 보조금-지출을 전제로 한 현물 및 현금(h1108_7aq10)"
"h1108_aq26","증여?상속(h1108_aq26)"
"h1108_aq27","경조금(h1108_aq27)"
"h1108_aq28","보상금(h1108_aq28)"
"h1108_aq29","사고보험금(h1108_aq29)"
"h1108_3aq5","퇴직금, 사회보험 일시금, 보장성 보험 해약금(h1108_3aq5)"
"h1108_4aq118","동산ㆍ부동산 매매차익(h1108_4aq118)"
"h1108_aq30","기타 소득(h1108_aq30)"
"h1108_6aq3","세금환급금(h1108_6aq3)"
"h1108_3aq6","가구원이 아닌 부모로부터의 보조금(현금 및 현물)(h1108_3aq6)"
"h1108_3aq7","가구원이 아닌 자녀로부터의 보조금(현금 및 현물)(h1108_3aq7)"
"nh1108_3aq1","가구원이 아닌 기타사람으로부터의 보조금(현금 및 현물)(nh1108_3aq1)"
"h1108_aq32","9개월 미만 생계를 같이 하다가 분가한 가구원이 함께 살 때 제공한 보조금(현금 및 현물)(h1108_aq32)"
"h1108_aq33","가구원으로 새로 들어온지 9개월 미만된 가구원이 제공한 보조금(현금 및 현물)(h1108_aq33)"
"h1108_aq34","민간 개인 또는 단체로 부터 받은 보조금(현금 및 현물)(h1108_aq34)"
"h1108_3aq8","국민기초생활급여 수급 개월수(1~6월)(h1108_3aq8)"
"h1108_195","국민기초생활급여 총액(1~6월)(h1108_195)"
"h1108_7aq11","국민기초생활급여-지출을 전제로 한 현금(1~6월)(h1108_7aq11)"
"h1108_11aq2","생계급여(7~12월) - 수급 개월수(h1108_11aq2)"
"h1108_11aq3","생계급여(7~12월) - 총액(h1108_11aq3)"
"h1108_11aq4","주거급여(7~12월) - 수급 개월수(h1108_11aq4)"
"h1108_11aq5","주거급여(7~12월) - 총액(h1108_11aq5)"
"h1108_11aq6","주거급여(7~12월) - 지출을 전제로 한 현금(h1108_11aq6)"
"h1108_11aq7","교육급여(7~12월) - 수급 개월수(h1108_11aq7)"
"h1108_11aq8","교육급여(7~12월) - 총액(h1108_11aq8)"
"h1108_11aq9","교육급여(7~12월) - 지출을 전제로 한 현금(h1108_11aq9)"
"h1109_aq1","금융기관대출(h1109_aq1)"
"h1109_aq2","일반사채(h1109_aq2)"
"h1109_aq3","카드빚(h1109_aq3)"
"h1109_aq4","전세보증금(받은돈)(h1109_aq4)"
"h1109_aq5","외상, 미리탄곗돈(h1109_aq5)"
"h1109_aq6","기타부채(h1109_aq6)"
"h1109_aq7","주거관련 부채의 이자(h1109_aq7)"
"h1109_aq8","기타이자(h1109_aq8)"
"h1110_aq1","소유부동산-주택(h1110_aq1)"
"h1110_aq2","소유부동산-주택외 건물(h1110_aq2)"
"h1110_aq3","소유부동산-토지(h1110_aq3)"
"h1110_aq4","점유부동산-전세보증금 준 것(h1110_aq4)"
"h1110_aq5","점유부동산-기타(권리금 등)(h1110_aq5)"
"h1110_aq6","금융자산-예금(h1110_aq6)"
"h1110_aq7","금융자산-적금(h1110_aq7)"
"h1110_aq8","금융자산-주식ㆍ채권(h1110_aq8)"
"h1110_aq9","금융자산-계돈(타기 전)(h1110_aq9)"
"h1110_aq10","금융자산-기타(h1110_aq10)"
"h1110_aq11","농기계-동력탈곡기(h1110_aq11)"
"h1110_aq12","농기계-경운기(h1110_aq12)"
"h1110_aq13","농기계-콤바인(h1110_aq13)"
"h1110_aq14","농기계-트랙터(h1110_aq14)"
"h1110_aq15","농기계-기타 농기계(h1110_aq15)"
"h1110_aq16","농축산물-소(h1110_aq16)"
"h1110_aq17","농축산물-돼지(h1110_aq17)"
"h1110_aq18","농축산물-닭(h1110_aq18)"
"h1110_aq19","농축산물-재고농산물(h1110_aq19)"
"h1110_aq20","농축산물-기타 농축산물(h1110_aq20)"
"h1110_26","자동차-소유한 비영업용 자동차 대수(h1110_26)"
"h1110_27","자동차-소유한 자동차의 가격(h1110_27)"
"h1110_aq23","기타재산-운동클럽 등의 회원권(h1110_aq23)"
"h1110_aq24","기타재산-운송 및 생계수단 차량(h1110_aq24)"
"h1110_aq25","기타재산-귀금속, 골동품, 상품권 등(h1110_aq25)"
"h1110_aq26","기타재산-기타(h1110_aq26)"
"h1111_2","2달이상 집세가 밀리거나 낼수 없어 집을 옮긴 경험(h1111_2)"
"h1111_3","공과금을 기한내 납부하지 못한 경험(h1111_3)"
"h1111_4","세금을 내지 못해 전기,전화,수도가 끊긴 경험(h1111_4)"
"h1111_5","자녀의 공교육비를 한달이상못준 경험(h1111_5)"
"h1111_6","돈이없어 겨울에 난방을 못한 경험(h1111_6)"
"h1111_7","돈이없어 본인이나 가족이 병원에 못간 경험(h1111_7)"
"h1111_8","가구원중 신용불량자가 된 경험자 여부(h1111_8)"
"h1111_3aq1","건강보험 미납으로 인하여 보험 급여자격을 정지당한 경험여부(h1111_3aq1)"
"h1111_3aq2","경제적인 어려움 때문에 먹을 것이 떨어졌는데도 더 살 돈이 없었던 경험(h1111_3aq2)"
"h1111_3aq3","경제적인 어려움 때문에 먹을 것을 살 돈이 없어서 균형 잡힌 식사를 할 수가 없었던 경험(h1111_3aq3)"
"h1111_3aq4","경제적인 어려움 때문에 먹을 것을 충분히 살 수 없어서 가구 내 성인들이 식사의 양을 줄이거나 실사를 거른 경험(h1111_3aq4)"
"h1111_3aq5","위의 문항에 대해서 얼마나 자주 그런 일이 있었는지(h1111_3aq5)"
"h1111_3aq6","경제적인 어려움 때문에 먹을 것을 충분히 살 수 없어서 먹어야 한다고 생각하는 양보다 적게 드신 경험(h1111_3aq6)"
"h1111_3aq7","경제적인 어려움 때문에 먹을 것을 살 돈이 없어서 배가 고픈데도 먹지 못한 경험(h1111_3aq7)"
"h1112_1","2015년 1~6월간 국민기초생활보장급여 신청 여부(h1112_1)"
"nh1112_1","가구생성 이후 6월까지 국민기초생활보장급여 신청 여부(nh1112_1)"
"h1112_2","국민기초생활보장급여 신청하게 된 이유(h1112_2)"
"h1112_3","수급자 선정 여부(h1112_3)"
"h1112_4","수급자로 선정되지 못한 이유(h1112_4)"
"h1112_5","생계문제 해결방법(1순위)(h1112_5)"
"h1112_6","생계문제 해결방법(2순위)(h1112_6)"
"h1112_7","2015년 1~6월간 국민기초생활보장급여 받은 경험(h1112_7)"
"nh1112_7","가구생성이후 국민기초생활보장급여를 받은 경험(nh1112_7)"
"nh1112_8","첫번째_급여를 받은 년(nh1112_8)"
"h1112_9","첫번째_급여를 받은 기간(h1112_9)"
"h1112_10","첫번째_급여를 받은 기간(h1112_10)"
"h1112_11","두번째_급여를 받은 기간(h1112_11)"
"h1112_12","두번째_급여를 받은 기간(h1112_12)"
"h1112_13","세번째_급여를 받은 기간(h1112_13)"
"h1112_14","세번째_급여를 받은 기간(h1112_14)"
"h1112_15","급여를 받게 된 이유(h1112_15)"
"h1112_3aq1","국민기초생활보장 급여수준 평가(h1112_3aq1)"
"h1112_16","수급대상 가구 탈피 예상기간(h1112_16)"
"h1112_17","탈피하더라도 계속 받고 싶은 지원(생계비 제외)(h1112_17)"
"h1112_18","수급자 탈피 이유(h1112_18)"
"h1112_19","탈피 이후 가장 아쉬운 지원(생계비 제외)(h1112_19)"
"h1112_2_11aq1","2015년 6~12월간 국민기초생활보장급여 신청 여부(h1112_2_11aq1)"
"h1112_2_11aq2","2015년 6월~12월간(혹은 가구생성 이후) 국민기초생활보장급여 신청 여부(h1112_2_11aq2)"
"h1112_2_11aq3","국민기초생활보장급여 신청하게 된 이유(h1112_2_11aq3)"
"h1112_2_11aq4","수급자 선정 여부(h1112_2_11aq4)"
"h1112_2_11aq5","(생계급여)수급자로 선정되지 못한 이유(h1112_2_11aq5)"
"h1112_2_11aq6","(의료급여)수급자로 선정되지 못한 이유(h1112_2_11aq6)"
"h1112_2_11aq7","(주거급여)수급자로 선정되지 못한 이유(h1112_2_11aq7)"
"h1112_2_11aq8","(교육급여)수급자로 선정되지 못한 이유(h1112_2_11aq8)"
"h1112_2_11aq9","(생계급여)생계문제 해결방법(h1112_2_11aq9)"
"h1112_2_11aq10","(의료급여)생계문제 해결방법(h1112_2_11aq10)"
"h1112_2_11aq11","(주거급여)생계문제 해결방법(h1112_2_11aq11)"
"h1112_2_11aq12","(교육급여)생계문제 해결방법(h1112_2_11aq12)"
"h1112_2_11aq13","2015년 7~12월간 국민기초생활보장급여 받은 경험(h1112_2_11aq13)"
"h1112_2_11aq14","2015년 7~12월간(또는 가구생성이후) 국민기초생활보장급여를 받은 경험(h1112_2_11aq14)"
"h1112_2_11aq16","(생계급여)첫번째_급여를 받은 기간(h1112_2_11aq16)"
"h1112_2_11aq17","(생계급여)첫번째_급여를 받은 기간(h1112_2_11aq17)"
"h1112_2_11aq18","(생계급여)두번째_급여를 받은 기간(h1112_2_11aq18)"
"h1112_2_11aq19","(생계급여)두번째_급여를 받은 기간(h1112_2_11aq19)"
"h1112_2_11aq20","(생계급여)세번째_급여를 받은 기간(h1112_2_11aq20)"
"h1112_2_11aq21","(생계급여)세번째_급여를 받은 기간(h1112_2_11aq21)"
"h1112_2_11aq23","(의료급여)첫번째_급여를 받은 기간(h1112_2_11aq23)"
"h1112_2_11aq24","(의료급여)첫번째_급여를 받은 기간(h1112_2_11aq24)"
"h1112_2_11aq25","(의료급여)두번째_급여를 받은 기간(h1112_2_11aq25)"
"h1112_2_11aq26","(의료급여)두번째_급여를 받은 기간(h1112_2_11aq26)"
"h1112_2_11aq27","(의료급여)세번째_급여를 받은 기간(h1112_2_11aq27)"
"h1112_2_11aq28","(의료급여)세번째_급여를 받은 기간(h1112_2_11aq28)"
"h1112_2_11aq30","(주거급여)첫번째_급여를 받은 기간(h1112_2_11aq30)"
"h1112_2_11aq31","(주거급여)첫번째_급여를 받은 기간(h1112_2_11aq31)"
"h1112_2_11aq32","(주거급여)두번째_급여를 받은 기간(h1112_2_11aq32)"
"h1112_2_11aq33","(주거급여)두번째_급여를 받은 기간(h1112_2_11aq33)"
"h1112_2_11aq34","(주거급여)세번째_급여를 받은 기간(h1112_2_11aq34)"
"h1112_2_11aq35","(주거급여)세번째_급여를 받은 기간(h1112_2_11aq35)"
"h1112_2_11aq37","(교육급여)첫번째_급여를 받은 기간(h1112_2_11aq37)"
"h1112_2_11aq38","(교육급여)첫번째_급여를 받은 기간(h1112_2_11aq38)"
"h1112_2_11aq39","(교육급여)두번째_급여를 받은 기간(h1112_2_11aq39)"
"h1112_2_11aq40","(교육급여)두번째_급여를 받은 기간(h1112_2_11aq40)"
"h1112_2_11aq41","(교육급여)세번째_급여를 받은 기간(h1112_2_11aq41)"
"h1112_2_11aq42","(교육급여)세번째_급여를 받은 기간(h1112_2_11aq42)"
"h1112_2_11aq43","(생계급여)12월 말까지 급여를 받게 된 이유(h1112_2_11aq43)"
"h1112_2_11aq44","(의료급여)12월 말까지 급여를 받게 된 이유(h1112_2_11aq44)"
"h1112_2_11aq45","(주거급여)12월 말까지 급여를 받게 된 이유(h1112_2_11aq45)"
"h1112_2_11aq46","(교육급여)12월 말까지 급여를 받게 된 이유(h1112_2_11aq46)"
"h1112_2_11aq47","(생계급여)국민기초생활보장 급여수준 평가(h1112_2_11aq47)"
"h1112_2_11aq48","(의료급여)국민기초생활보장 급여수준 평가(h1112_2_11aq48)"
"h1112_2_11aq49","(주거급여)국민기초생활보장 급여수준 평가(h1112_2_11aq49)"
"h1112_2_11aq50","(교육급여)국민기초생활보장 급여수준 평가(h1112_2_11aq50)"
"h1112_2_11aq51","(생계급여) 수급대상 가구 탈피 예상기간(h1112_2_11aq51)"
"h1112_2_11aq52","(의료급여) 수급대상 가구 탈피 예상기간(h1112_2_11aq52)"
"h1112_2_11aq53","(주거급여) 수급대상 가구 탈피 예상기간(h1112_2_11aq53)"
"h1112_2_11aq54","(교육급여) 수급대상 가구 탈피 예상기간(h1112_2_11aq54)"
"h1112_2_11aq55","(생계급여) 수급자 탈피 이유(h1112_2_11aq55)"
"h1112_2_11aq56","(의료급여) 수급자 탈피 이유(h1112_2_11aq56)"
"h1112_2_11aq57","(주거급여) 수급자 탈피 이유(h1112_2_11aq57)"
"h1112_2_11aq58","(교육급여) 수급자 탈피 이유(h1112_2_11aq58)"
"h1112_2_11aq59","탈피하더라도 계속 받고 싶은 지원(h1112_2_11aq59)"
"h1112_1_4aq1","자녀장려세제에 대한 인식(h1112_1_4aq1)"
"nh1112_1_4aq1","근로장려세제에 대한 인식(nh1112_1_4aq1)"
"nh1112_1_4aq2","자녀장려세제에 대한 인식(nh1112_1_4aq2)"
"h1112_1_5aq1","근로(자녀)장려금 신청 여부(h1112_1_5aq1)"
"h1112_1_5aq2","근로(자녀)장려금 급여 수령 여부(h1112_1_5aq2)"
"h1112_1_5aq3","수급한 근로(자녀)장려금 사용 현황(h1112_1_5aq3)"
"h1112_1_5aq4","근로(자녀)장려금의 도움 정도(h1112_1_5aq4)"
"h1112_1_5aq5","근로(자녀)장려금 급여가 근로의욕에 미치는 영향(h1112_1_5aq5)"
"h1112_1_4aq2","근로(자녀)장려금 수급 요건 충족 여부에 대한 인식(h1112_1_4aq2)"
"h1113_2","(가) 생계비 지원 경험여부(h1113_2)"
"h1113_6","(나) 의료비 지원 경험여부(h1113_6)"
"h1113_10","(다) 물품지원 경험여부(h1113_10)"
"h1113_14","(라) 가정봉사서비스 경험여부(h1113_14)"
"h1113_18","(마) 식사배달서비스 경험여부(h1113_18)"
"h1113_22","(바) 주택관련서비스 경험여부(h1113_22)"
"h1113_26","(사) 직업훈련, 취업상담, 취업알선 경험여부(h1113_26)"
"h1113_8aq1","(아) 상담서비스 경험여부(h1113_8aq1)"
"h1113_5aq1","(자) 생계 등을 위한 대출 경험여부(h1113_5aq1)"
"h1113_8aq2","(차) 개인발달계좌(자산형성프로그램) 경험여부(h1113_8aq2)"
"h1113_4aq1","1년간 바우처서비스 이용 경험(h1113_4aq1)"
"h1113_4aq2","(가) 노인돌봄종합서비스 경험여부(h1113_4aq2)"
"h1113_4aq4","(나) 장애인활동지원사업 경험여부(h1113_4aq4)"
"h1113_4aq6","(다) 산모/신생아 건강관리지원사업 경험여부(h1113_4aq6)"
"h1113_4aq8","(라) 가사간병 방문관리지원사업 경험여부(h1113_4aq8)"
"h1113_4aq10","(마) 아동인지능력 향상서비스 경험여부(h1113_4aq10)"
"h1113_5aq4","(바) 임신출산 진료비지원제도 경험여부(h1113_5aq4)"
"h1113_5aq6","(사) 발달재활서비스 경험여부(h1113_5aq6)"
"h1113_5aq8","(아) 아이행복카드(보육료 및 교육료지원) 경험여부(h1113_5aq8)"
"h1113_6aq1","(자) 언어발달지원사업 경험여부(h1113_6aq1)"
"h1113_10aq1","(차) 발달장애인부모 상담서비스 경험여부(h1113_10aq1)"
"h1113_4aq14","(카) 기타 바우처서비스 경험여부(h1113_4aq14)"
"h1113_4aq15","(카) 기타 바우처서비스 종류(h1113_4aq15)"
"h1113_4aq16","장기요양보험급여를 받은 가구원이 있는지(h1113_4aq16)"
"h1113_4aq17","장기요양서비스를 이용하면서 지불한 금액(h1113_4aq17)"
"h1113_4aq18","(가) 방문요양 이용여부(h1113_4aq18)"
"h1113_4aq20","(나) 방문목욕 이용여부(h1113_4aq20)"
"h1113_4aq22","(다) 방문간호 이용여부(h1113_4aq22)"
"h1113_4aq24","(라) 주야간보호 이용여부(h1113_4aq24)"
"h1113_4aq26","(마) 단기보호 이용여부(h1113_4aq26)"
"h1113_4aq28","(바) 기타재가급여 이용여부(h1113_4aq28)"
"h1113_4aq30","(사) 시설급여 이용여부(h1113_4aq30)"
"h1113_4aq32","(아) 특별현금급여 이용여부(h1113_4aq32)"
"h1114_4","(가) 기초노령연금 지원 경험여부(h1114_4)"
"h1114_8","(나) 의료비 지원 경험여부(h1114_8)"
"h1114_12","(다) 노인 무료 급식 경험여부(h1114_12)"
"h1114_16","(라) 물품지원 경험여부(h1114_16)"
"h1114_20","(마) 가정봉사 서비스 경험여부(h1114_20)"
"h1114_24","(바) 식사 배달 서비스 경험여부(h1114_24)"
"h1114_28","(사) 방문 가정간호, 간병, 목욕 서비스 경험여부(h1114_28)"
"h1114_32","(아) 이동편의 서비스 경험여부(h1114_32)"
"h1114_36","(자) 주야간보호 서비스 경험여부(h1114_36)"
"h1114_3aq1","(차) 노인일자리사업 경험여부(h1114_3aq1)"
"h1114_4aq1","(카) 사회교육 서비스 경험여부(h1114_4aq1)"
"h1115_4","(가) 공공어린이집 경험여부(h1115_4)"
"h1115_8","(나) 양육ㆍ보육료 및 유치원비 보조 경험여부(h1115_8)"
"h1115_12","(다) 아동상담, 집단 프로그램 경험여부(h1115_12)"
"h1115_20","(라) 방과후돌봄서비스 경험여부(h1115_20)"
"h1115_25","(마) 무료급식(급식지원 포함) 경험여부(h1115_25)"
"h1115_29","(바) 학비지원 경험여부(h1115_29)"
"h1115_33","(사) 예체능 교실 경험여부(h1115_33)"
"h1115_37","(아) 문화활동 경험여부(h1115_37)"
"h1115_4aq1","(자) 가정봉사·아이돌봄 서비스 경험여부(h1115_4aq1)"
"h1115_7aq1","(차) 영유아보충식품지원 경험여부(h1115_7aq1)"
"h1115_aq1","가구에 추가된 아동유무(h1115_aq1)"
"h1115_40","1번.아동가구원번호1(h1115_40)"
"h1115_41","1번.출생시 체중 2.5kg 이상 여부(h1115_41)"
"h1115_42","1번.선천성 기형 및 질환(h1115_42)"
"h1115_43","2번.아동가구원번호2(h1115_43)"
"h1115_44","2번.출생시 체중 2.5kg 이상 여부(h1115_44)"
"h1115_45","2번.선천성 기형 및 질환(h1115_45)"
"h1115_46","3번.아동가구원번호3(h1115_46)"
"h1115_47","3번.출생시 체중 2.5kg 이상 여부(h1115_47)"
"h1115_48","3번.선천성 기형 및 질환(h1115_48)"
"h1115_49","4번.아동가구원번호4(h1115_49)"
"h1115_50","4번.출생시 체중 2.5kg 이상 여부(h1115_50)"
"h1115_51","4번.선천성 기형 및 질환(h1115_51)"
"h1115_52","5번.아동가구원번호5(h1115_52)"
"h1115_53","5번.출생시 체중 2.5kg 이상 여부(h1115_53)"
"h1115_54","5번.선천성 기형 및 질환(h1115_54)"
"h1115_55","6번.아동가구원번호6(h1115_55)"
"h1115_56","6번.출생시 체중 2.5kg 이상 여부(h1115_56)"
"h1115_57","6번.선천성 기형 및 질환(h1115_57)"
"h1115_60","1번.아동가구원번호1(h1115_60)"
"h1115_aq2","1번.사교육과 보육기관 이용실태(h1115_aq2)"
"h1115_61","1번.자녀가 이용하는 사교육, 보육기관A(h1115_61)"
"h1115_62","1번.자녀가 이용하는 사교육, 보육기관B(h1115_62)"
"h1115_63","1번.자녀가 이용하는 사교육, 보육기관C(h1115_63)"
"h1115_66","1번.한달 평균 사교육비(h1115_66)"
"h1115_67","1번.한달 평균 보육비(h1115_67)"
"h1115_68","2번.아동가구원번호2(h1115_68)"
"h1115_aq3","2번.사교육과 보육기관 이용실태(h1115_aq3)"
"h1115_69","2번.자녀가 이용하는 사교육, 보육기관A(h1115_69)"
"h1115_70","2번.자녀가 이용하는 사교육, 보육기관B(h1115_70)"
"h1115_71","2번.자녀가 이용하는 사교육, 보육기관C(h1115_71)"
"h1115_74","2번.한달 평균 사교육비(h1115_74)"
"h1115_75","2번.한달 평균 보육비(h1115_75)"
"h1115_76","3번.아동가구원번호3(h1115_76)"
"h1115_aq4","3번.사교육과 보육기관 이용실태(h1115_aq4)"
"h1115_77","3번.자녀가 이용하는 사교육, 보육기관A(h1115_77)"
"h1115_78","3번.자녀가 이용하는 사교육, 보육기관B(h1115_78)"
"h1115_79","3번.자녀가 이용하는 사교육, 보육기관C(h1115_79)"
"h1115_82","3번.한달 평균 사교육비(h1115_82)"
"h1115_83","3번.한달 평균 보육비(h1115_83)"
"h1115_84","4번.아동가구원번호4(h1115_84)"
"h1115_aq5","4번.사교육과 보육기관 이용실태(h1115_aq5)"
"h1115_85","4번.자녀가 이용하는 사교육, 보육기관A(h1115_85)"
"h1115_86","4번.자녀가 이용하는 사교육, 보육기관B(h1115_86)"
"h1115_87","4번.자녀가 이용하는 사교육, 보육기관C(h1115_87)"
"h1115_90","4번.한달 평균 사교육비(h1115_90)"
"h1115_91","4번.한달 평균 보육비(h1115_91)"
"h1115_92","5번.아동가구원번호5(h1115_92)"
"h1115_aq6","5번.사교육과 보육기관 이용실태(h1115_aq6)"
"h1115_93","5번.자녀가 이용하는 사교육, 보육기관A(h1115_93)"
"h1115_94","5번.자녀가 이용하는 사교육, 보육기관B(h1115_94)"
"h1115_95","5번.자녀가 이용하는 사교육, 보육기관C(h1115_95)"
"h1115_98","5번.한달 평균 사교육비(h1115_98)"
"h1115_99","5번.한달 평균 보육비(h1115_99)"
"h1115_100","6번.아동가구원번호6(h1115_100)"
"h1115_aq7","6번.사교육과 보육기관 이용실태(h1115_aq7)"
"h1115_101","6번.자녀가 이용하는 사교육, 보육기관A(h1115_101)"
"h1115_102","6번.자녀가 이용하는 사교육, 보육기관B(h1115_102)"
"h1115_103","6번.자녀가 이용하는 사교육, 보육기관C(h1115_103)"
"h1115_106","6번.한달 평균 사교육비(h1115_106)"
"h1115_107","6번.한달 평균 보육비(h1115_107)"
"h1116_6aq1","(가) 장애인연금(중증장애인 대상) 경험여부(h1116_6aq1)"
"h1116_6aq4","(나) 장애수당(경증장애인 대상) 경험여부(h1116_6aq4)"
"h1116_8","(다) 장애아동수당 경험여부(h1116_8)"
"h1116_24","(라) 의료재활서비스 경험여부(h1116_24)"
"h1116_4aq1","(마) 가정봉사서비스 경험여부(h1116_4aq1)"
"h1116_4aq4","(바) 방문 가정간호, 간병, 목욕 서비스 경험여부(h1116_4aq4)"
"h1116_32","(사) 이동편의 서비스 경험여부(h1116_32)"
"h1116_36","(아) 주택관련 서비스 경험여부(h1116_36)"
"h1116_40","(자) 가족상담 및 심리재활 서비스 경험여부(h1116_40)"
"h1116_4aq7","(차) 사회적응 및 취업관련 서비스 경험여부(h1116_4aq7)"
"h1116_56","(카) 장애아동 및 장애인자녀 보육비 및 교육비 지원 경험여부(h1116_56)"
"h1116_60","(타) 장애아동 및 장애인자녀 관련프로그램 경험여부(h1116_60)"
"h1116_64","(파) 자동차 관련 지원 경험여부(h1116_64)"
"h1117_1","1년간 근심이나 갈등을 초래한 문제(1순위)(h1117_1)"
"h1117_2","1년간 근심이나 갈등을 초래한 문제(2순위)(h1117_2)"
"h1117_3","(가) 가족원간 의견충돌이 잦은 경우(h1117_3)"
"h1117_4","(나) 가족원간 화가 나서 물건을 집어 던지는 경우(h1117_4)"
"h1117_5","(다) 가족원간 침착하게 문제를 논의하는 경우(h1117_5)"
"h1117_6","(라) 가족원간 자주 서로 비난하는 경우(h1117_6)"
"h1117_7","(마) 가족원간 가끔 때리는 경우(h1117_7)"
"p11_fnum","조사대상 가구원번호(p11_fnum)"
"p11_tq","유형 3과 유형 4 설문지 대상자 구분변수(p11_tq)"
"p11_cp","최종조사결과 확인(p11_cp)"
"p1101_1","공적연금 수급여부(p1101_1)"
"p1101_2","공적연금 종류1(p1101_2)"
"p1101_aq1","공적연금 종류2(p1101_aq1)"
"p1101_3","수급받는 국민연금의 종류(p1101_3)"
"p1101_4","총급여-일시금 연간 총액(p1101_4)"
"p1101_5","총급여-연금 수급 개월(p1101_5)"
"p1101_6","총급여-연금 연간 총액(p1101_6)"
"p1101_10","특수직역연금 종류-1순위(p1101_10)"
"p1101_11","특수직역연금 종류-2순위(p1101_11)"
"p1101_12","특수직역연금-일시금 연간 총액(p1101_12)"
"p1101_13","특수직역연금-연금 수급 개월(p1101_13)"
"p1101_14","특수직역연금-연금 연간 총액(p1101_14)"
"p1101_7","보훈연금 및 기타연금-일시금 연간 총액(p1101_7)"
"p1101_8","보훈연금 및 기타연금-연금 수급 개월(p1101_8)"
"p1101_9","보훈연금 및 기타연금-연금 연간 총액(p1101_9)"
"p1101_15","고용보험 급여 수급여부(p1101_15)"
"p1101_16","고용보험 급여 종류-1순위(p1101_16)"
"p1101_17","고용보험 급여 종류-2순위(p1101_17)"
"p1101_18","고용보험-수급 개월(p1101_18)"
"p1101_19","고용보험-연간 총액(p1101_19)"
"p1101_20","산재보험 급여 수급여부(p1101_20)"
"p1101_21","산재보험 급여 종류-1순위(p1101_21)"
"p1101_22","산재보험 급여 종류-2순위(p1101_22)"
"p1101_23","산재보험- 일시금 연간 총액(p1101_23)"
"p1101_24","산재보험-연금 수급 개월(p1101_24)"
"p1101_25","산재보험-연금 연간 총액(p1101_25)"
"p1101_27","개인연금 수급여부(p1101_27)"
"p1101_28","개인연금-일시금 연간 총액(p1101_28)"
"p1101_29","개인연금-연금 수급 개월(p1101_29)"
"p1101_30","개인연금-연금 연간 총액(p1101_30)"
"p1101_31","퇴직금, 퇴직보험 수급여부(p1101_31)"
"p1101_32","퇴직금, 퇴직보험 -일시금 연간 총액(p1101_32)"
"p1101_33","퇴직보험-연금 수급 개월(p1101_33)"
"p1101_34","퇴직보험-연금 연간 총액(p1101_34)"
"p1102_1","근로유형(p1102_1)"
"p1102_2","사직 또는 폐업 경험여부(p1102_2)"
"p1102_3","그만 둔 구체적 이유(p1102_3)"
"p1102_4","근무 시작(년)(p1102_4)"
"p1102_5","근무 시작(월)(p1102_5)"
"p1102_6","근로일수(개월)(p1102_6)"
"p1102_7","근로일수(일)(p1102_7)"
"p1102_8","규칙적으로 일한 경우 주당 평균 근로시간(p1102_8)"
"p1102_8aq1","일한달의 월 평균 임금(p1102_8aq1)"
"p1102_9","불규칙적으로 일한 경우 하루 평균 근로시간(p1102_9)"
"p1102_8aq2","일한날의 시간당 임금(p1102_8aq2)"
"p1102_4aq1","노동조합 가입 여부(p1102_4aq1)"
"p1102_10","구직여부(p1102_10)"
"p1102_11","총 구직 기간(년)(p1102_11)"
"p1102_12","구직 기간(개월)(p1102_12)"
"p1102_8aq3","구직과정 중 어려움(1순위)(p1102_8aq3)"
"p1102_8aq4","구직과정 중 어려움(2순위)(p1102_8aq4)"
"p1102_31","기대 수입(p1102_31)"
"p1102_4aq2","지난1년간 구직활동 경험여부(p1102_4aq2)"
"p1102_4aq3","지난주에 알맞은 일거리나 직장이 있었다면 일할 수 있는지 여부(p1102_4aq3)"
"p1102_4aq4","지난4주간 구직활동을 하지않은이유(p1102_4aq4)"
"p1102_8aq5","공공근로-경험여부(p1102_8aq5)"
"p1102_8aq6","노인일자리-경험여부(p1102_8aq6)"
"p1102_8aq7","자활공동체 및 자활근로-경험여부(p1102_8aq7)"
"p1102_8aq8","사회적기업 육성서비스(사회적 일자리)-경험여부(p1102_8aq8)"
"p1102_8aq9","직장체험연수-경험여부(p1102_8aq9)"
"p1102_8aq10","실업자 직업훈련-경험여부(p1102_8aq10)"
"p1102_8aq11","창업지원-경험여부(p1102_8aq11)"
"p1102_8aq12","희망근로-경험여부(p1102_8aq12)"
"p1102_8aq13","청년 인턴쉽제도-경험여부(p1102_8aq13)"
"p1102_8aq14","근로자 능력 개발 훈련-경험여부(p1102_8aq14)"
"p1102_8aq15","기타-경험여부(p1102_8aq15)"
"p1102_aq2","새로운 기술 습득(1순위)(p1102_aq2)"
"p1102_aq3","새로운 기술 습득(2순위)(p1102_aq3)"
"p1102_aq4","습득한 직업기술의 해당직종(1순위)(p1102_aq4)"
"p1102_aq5","습득한 직업기술의 해당직종(2순위)(p1102_aq5)"
"p1103_1","인터넷사용 여부(p1103_1)"
"p1103_2","유해환경에서 일한 경험(p1103_2)"
"p1103_5","건강 만족도(p1103_5)"
"p1103_6","가족의 수입 만족도(p1103_6)"
"p1103_7","주거 환경 만족도(p1103_7)"
"p1103_8","가족관계 만족도(p1103_8)"
"p1103_9","직업 만족도(p1103_9)"
"p1103_10","사회적 친분관계 만족도(p1103_10)"
"p1103_11","여가생활 만족도(p1103_11)"
"p1103_12","전반적 만족도(p1103_12)"
"p1104_4","자원봉사활동 여부(p1104_4)"
"p1104_5","연간 기부 총액(p1104_5)"
"p1104_6","자원봉사활동 연간 횟수(p1104_6)"
"p1104_7","비동거 부모님이 계신지 여부(p1104_7)"
"p1104_8","비동거부모님과 왕래정도 <주>(p1104_8)"
"p1104_9","비동거부모님과 왕래정도 (월)(p1104_9)"
"p1104_10","비동거부모님과 왕래정도 (년)(p1104_10)"
"p1104_11","전화통화 횟수<주>(p1104_11)"
"p1104_12","전화통화 횟수<월>(p1104_12)"
"p1104_13","전화통화 횟수<년>(p1104_13)"
"p1104_3aq1","여성의 전일제근로가 가족생활을 힘들게 함(p1104_3aq1)"
"p1104_3aq2","미취학 아동의 어머니가 일을 할 경우 미취학 아동에게 나쁨(p1104_3aq2)"
"p1104_3aq3","전업주부로 일하는 것은 밖에서 돈을 버는 것만큼 중요함(p1104_3aq3)"
"p1104_3aq4","남성의 임무는 밖에서 돈을 버는 것이고, 여성의 임무는 가정과 가족을 돌보는 것임(p1104_3aq4)"
"p1104_3aq5","남성과 여성 모두 가구소득에 기여해야 함(p1104_3aq5)"
"p1104_3aq6","가정생활은 나에게 스트레스를 줌(p1104_3aq6)"
"p1104_3aq7","가족에 대한 책임을 다하기가 어려움(p1104_3aq7)"
"p1104_3aq8","가족에 대한 책임 때문에 직장에서 일을 집중하기가 어려움(p1104_3aq8)"
"p1105_3aq1","지금까지 피운 담배의 총양(p1105_3aq1)"
"p1105_3aq2","처음으로 담배를 피운 시기(p1105_3aq2)"
"p1105_3aq3","총 흡연 기간 - 년(p1105_3aq3)"
"p1105_3aq4","총 흡연 기간 - 개월(p1105_3aq4)"
"p1105_3aq5","현재 담배를 피우는지 여부(p1105_3aq5)"
"p1105_3aq6","하루 평균 흡연량(p1105_3aq6)"
"p1105_3aq7","최근 1년동안 담배를 끊고자 하루 이상 금연한 적이 있는지 여부(p1105_3aq7)"
"p1105_3aq8","앞으로 담배를 끊을 계획이 있는지(p1105_3aq8)"
"p1105_3aq9","실내공간에서 하루 타인의 담배연기를 맡은 시간정도(p1105_3aq9)"
"p1105_3aq10","실내공간에서 하루 타인의 담배연기를 맡은 시간(p1105_3aq10)"
"p1105_2","1년간 평균 음주량(p1105_2)"
"p1105_3","음주시 마시는 술잔 횟수(p1105_3)"
"p1105_4aq1","한번에 술좌석에서 6잔이상 마시는 경우(p1105_4aq1)"
"p1105_4aq2","(가) 술을 마시기 시작하면 중간에 그만둘 수 없었던 경험(p1105_4aq2)"
"p1105_4aq3","(나) 해야 할 일을 술 때문에 하지 못한 경험(p1105_4aq3)"
"p1105_4aq4","(다) 과음을 한 다음날 해장술을 마셔야 했던 경험(p1105_4aq4)"
"p1105_4aq5","(라) 술을 마신 후에 좌절감을 느끼거나 후회한 경험(p1105_4aq5)"
"p1105_4aq6","(마) 술 마시고 필름이 끊긴 경험(p1105_4aq6)"
"p1105_4aq7","(바) 술로 인해 자신이 다치거나 다른 사람을 다치게 한 경험(p1105_4aq7)"
"p1105_4aq8","(사) 주변사람들이 귀하의 음주를 걱정하거나, 술을 줄이도록 권한 경험(p1105_4aq8)"
"p1105_5","(가) 술을 줄여야 한다고 느낀 경험(p1105_5)"
"p1105_6","(나) 술로인해 비난받는것을 귀찮아하는 느낌(p1105_6)"
"p1105_7","(다) 술마시는 것에 대한 죄책감(p1105_7)"
"p1105_8","(라) 숙취제거를 위해 아침에 술을 마신경험(p1105_8)"
"p1105_3aq11","출산 경험여부(p1105_3aq11)"
"p1105_9","(가) 식욕이 없음(p1105_9)"
"p1105_10","(나) 비교적 잘 지냈다(p1105_10)"
"p1105_11","(다) 상당히 우울(p1105_11)"
"p1105_12","(라) 모든일이 힘들게 느껴짐(p1105_12)"
"p1105_13","(마) 잠을 설침(p1105_13)"
"p1105_14","(바) 외로움(p1105_14)"
"p1105_15","(사) 불만없이 생활(p1105_15)"
"p1105_16","(아) 사람들이 차갑게 대하는것같은 느낌(p1105_16)"
"p1105_17","(자) 마음이 슬펐다(p1105_17)"
"p1105_18","(차) 사람들이 나를 싫어하는 것 같은 느낌(p1105_18)"
"p1105_19","(카) 뭘 해 나갈 엄두가 나지 않음(p1105_19)"
"p1105_20","(가) 나는 가치있는 사람이다(p1105_20)"
"p1105_21","(나) 나는 좋은 성품을 지녔다(p1105_21)"
"p1105_22","(다) 나는 실패한 사람이라는 느낌이든다(p1105_22)"
"p1105_23","(라) 다른 사람들과 같이 일을 잘할수 있다(p1105_23)"
"p1105_24","(마) 자랑할 것이 별로 없다(p1105_24)"
"p1105_25","(바) 긍정적인 태도를 가졌다(p1105_25)"
"p1105_26","(사) 대체로 만족(p1105_26)"
"p1105_27","(아) 내 자신을 존경할수 있으면 좋겠다(p1105_27)"
"p1105_28","(자) 내 자신이 쓸모없는 사람이라는 느낌(p1105_28)"
"p1105_29","(차) 내가 좋지 않은 사람이라고 생각한다(p1105_29)"
"p1105_4aq9","(가) 모욕적, 악의적인 이야기 경험(p1105_4aq9)"
"p1105_4aq10","(나) 신체적 폭력의 위협 경험(p1105_4aq10)"
"p1105_4aq11","(다) 신체적 폭력을 행사 경험(p1105_4aq11)"
"p1105_aq1","가족생활에 대한 만족도(p1105_aq1)"
"p1105_aq2","배우자와의 관계에 대한 만족도(p1105_aq2)"
"p1105_aq3","자녀와의 관계에 대한 만족도(p1105_aq3)"
"p1105_aq4","자녀들의 형제자매 관계에 대한 만족도(p1105_aq4)"
"p1105_6aq1","지금까지 자살에 대한 생각을 한번이라도 한적이 있는지 여부(p1105_6aq1)"
"p1105_6aq2","자살하는 것에 대해서 처음으로 생각한 때(p1105_6aq2)"
"p1105_6aq3","자살하는 것에 대해서 마지막으로 생각한 때(p1105_6aq3)"
"p1105_6aq4","지금까지 자살하려고 구체적으로 계획을 세운 여부(p1105_6aq4)"
"p1105_6aq5","자살하는 것에 대해서 처음으로 계획을 세운 때(p1105_6aq5)"
"p1105_6aq6","자살하는 것에 대해서 마지막으로 계획을 세운 때(p1105_6aq6)"
"p1105_6aq7","지금까지 자살을 시도한 여부(p1105_6aq7)"
"p1105_6aq8","자살을 처음 시도한 때(p1105_6aq8)"
"p1105_6aq9","자살을 마지막으로 시도한 때(p1105_6aq9)"
"p1105_7aq1","지난 한해 동안 자살하는 것에 대해 진지하게 생각한 적이 있는지 여부(p1105_7aq1)"
"p1105_7aq2","지난 한해 동안 자살하려고 구체적으로 계획을 세운 여부(p1105_7aq2)"
"p1105_7aq3","지난 한해 동안 자살을 시도한 여부(p1105_7aq3)"
"p1107_3aq1","최종학력(p1107_3aq1)"
"p1107_3aq2","고등학교 유형(p1107_3aq2)"
"p1107_3aq3","고등학교 소재지 metro 코드(p1107_3aq3)"
"p1107_3aq4","고등학교 소재지 시군구 코드(p1107_3aq4)"
"p1107_3aq5","대학 전공 계열(p1107_3aq5)"
"p1107_3aq6","대학 소재지 metro 코드(p1107_3aq6)"
"p1107_3aq7","대학 소재지 시군구 코드(p1107_3aq7)"
"np1106_1","아동기에 가장오래 성장한 곳(np1106_1)"
"np1106_2","아동기에 경제적 생활상태(np1106_2)"
"np1106_3","15세이후 직장 경험(np1106_3)"
"np1106_4","첫직장 - 근무 시작시점(년)(np1106_4)"
"np1106_5","첫직장 - 마지막 근무시점(년)(np1106_5)"
"np1106_6","첫직장 - 고용형태(np1106_6)"
"np1106_7","최근 직장 - 근무 시작시점(년)(np1106_7)"
"np1106_8","최근 직장 - 마지막 근무시점(년)(np1106_8)"
"np1106_9","최근 직장 - 고용형태(np1106_9)"
"np1106_10","일자리A - 근무 시작시점(년)(np1106_10)"
"np1106_11","일자리A - 마지막 근무시점(년)(np1106_11)"
"np1106_12","일자리A - 고용형태(np1106_12)"
"np1106_13","일자리B - 근무 시작시점(년)(np1106_13)"
"np1106_14","일자리B - 마지막 근무시점(년)(np1106_14)"
"np1106_15","일자리B - 고용형태(np1106_15)"
"np1106_16","일자리C - 근무 시작시점(년)(np1106_16)"
"np1106_17","일자리C - 마지막 근무시점(년)(np1106_17)"
"np1106_18","일자리C - 고용형태(np1106_18)"
"np1106_19","일자리D - 근무 시작시점(년)(np1106_19)"
"np1106_20","일자리D - 마지막 근무시점(년)(np1106_20)"
"np1106_21","일자리D - 고용형태(np1106_21)"
"np1106_22","일자리E - 근무 시작시점(년)(np1106_22)"
"np1106_23","일자리E - 마지막 근무시점(년)(np1106_23)"
"np1106_24","일자리E - 일자리E  고용형태(np1106_24)"
"np1106_25","주요직업기술(1순위)(np1106_25)"
"np1106_26","주요직업기술(2순위)(np1106_26)"
"np1106_27","주요직업기술(3순위)(np1106_27)"
"np1106_28","직업기술 보유 직종(1순위)(np1106_28)"
"np1106_29","직업기술 보유 직종(2순위)(np1106_29)"
"np1106_30","직업기술 보유 직종(3순위)(np1106_30)"
"np1106_31","부모님이 일찍 돌아가심 경험(np1106_31)"
"np1106_32","부모님이 돌아가신 당시 나이(np1106_32)"
"np1106_33","부모님이 이혼 경험(np1106_33)"
"np1106_34","부모님이 이혼하신 당시 나이(np1106_34)"
"np1106_35","생계가 곤란하여 학업중단 경험(np1106_35)"
"np1106_36","생계 곤란으로 학업중단한 당시 나이(np1106_36)"
"np1106_37","경제적이유로 친척집에서 성장 경험(np1106_37)"
"np1106_38","경제적이유로 친척집에서 자란 당시 나이(np1106_38)"
"np1106_39","부모님 교육수준(부)(np1106_39)"
"np1106_40","부모님 교육수준(모)(np1106_40)"
"np1106_41","부모님 직업(부)(np1106_41)"
"np1106_42","부모님 직업(모)(np1106_42)"
"np1106_43","부모의 상속이나 증여 여부(np1106_43)"
"np1106_44","부모의 경제적 도움정도(np1106_44)"
"p1106_3aq1","외국에서 한국으로 이주했는지 여부(p1106_3aq1)"
"wc11_fnum","조사대상 가구원번호(wc11_fnum)"
"wc11_cp","최종조사결과 확인(wc11_cp)"
"wc11_1","현재 한국사회의 계층구조(wc11_1)"
"wc11_2","미래의 바람직한 계층구조 (wc11_2)"
"wc11_3","소득, 재산의 평등정도(wc11_3)"
"wc11_5aq1","(가) 소득격차가 너무 크다(wc11_5aq1)"
"wc11_4","(나) 소득격차 해소가 정부책임이다(wc11_4)"
"wc11_5aq2","(다) 실업자에게 적정한 수준의 삶을 제공해야 한다(wc11_5aq2)"
"wc11_5aq3","(라) 빈곤한 사람들에게 주는 혜택을 줄여야 한다(wc11_5aq3)"
"wc11_8aq1","(가) 개인적인 절약과 적절한 가계(돈)관리 부족(wc11_8aq1)"
"wc11_8aq2","(나) 개인적인 동기와 스스로의 노력 부족(wc11_8aq2)"
"wc11_8aq3","(다) 개인적인 능력(타고난 재능)의 부족(wc11_8aq3)"
"wc11_8aq4","(라) 개인적인 책임감 및 자기규율의 부족(음주, 도박 등)(wc11_8aq4)"
"wc11_8aq5","(마) 개인적인 질환(질병)과 신체적 장애(wc11_8aq5)"
"wc11_8aq6","(바) 개인적인 학력수준의 미흡(wc11_8aq6)"
"wc11_8aq7","(사) 기업과 산업에서의 낮은 임금(wc11_8aq7)"
"wc11_8aq8","(아) 충분한 교육기회 제공의 부족(wc11_8aq8)"
"wc11_8aq9","(자) 좋은 일자리 공급의 미흡(wc11_8aq9)"
"wc11_8aq10","(차) 빈곤층 및 일부 집단에 대한 편견과 차별(wc11_8aq10)"
"wc11_8aq11","(카) 개인적인 불행과 불운(불우한 가족배경 등)(wc11_8aq11)"
"wc11_5","(가) 환경(wc11_5)"
"wc11_6","(나) 건강보험 및 보건(wc11_6)"
"wc11_7","(다) 국민연금(기초연금)(wc11_7)"
"wc11_8","(라) 교육(wc11_8)"
"wc11_9","(마) 주거지원(wc11_9)"
"wc11_10","(바) 국방(wc11_10)"
"wc11_11","(사) 치안 및 사회질서 유지(wc11_11)"
"wc11_12","(아) 빈곤층 생활지원(wc11_12)"
"wc11_13","(자) 노인 생활지원(wc11_13)"
"wc11_14","(차) 장애인 생활지원(wc11_14)"
"wc11_15","(카) 아이를 키우는 가족지원(wc11_15)"
"wc11_16","(타) 실업대책 및 고용보험(wc11_16)"
"wc11_17","(파) 문화와 예술(wc11_17)"
"wc11_18","(하) 정부행정업무(wc11_18)"
"wc11_19","사회복지를 늘리면 일할 의욕 저하됨(wc11_19)"
"wc11_20","성장과 분배 중 무엇이 중요한가(wc11_20)"
"wc11_21","(가) 경제를 살리기 위해 세금 감소(wc11_21)"
"wc11_22","(나) 사회복지확대를 위해 세금 증가(wc11_22)"
"wc11_23","(다) 어린 자녀는 집에서 어머니가 돌봐야 함(wc11_23)"
"wc11_24","(라) 기초생활수급자는 게으름(wc11_24)"
"wc11_25","(마) 복지는 가난한 사람에게 제한적으로 제공되어야 함(wc11_25)"
"wc11_26","(바) 노동능력이 있는 사람에게도 최소한의 생계보장(wc11_26)"
"wc11_27","(사) 부모를 모실 책임은 전적으로 자식에게 있음(wc11_27)"
"wc11_28","(아) 건강보험은 최소한 축소, 민간의료보험 이용해야 함(wc11_28)"
"wc11_29","(자) 대학교육까지 무상으로 제공해야 함(wc11_29)"
"wc11_30","(차) 유치원, 보육시설 무상 제공되어야 함(wc11_30)"
"wc11_31","(가) 의료서비스 제공(wc11_31)"
"wc11_32","(나) 노인의 삶의 질 유지(wc11_32)"
"wc11_33","(다) 장애인 지원 서비스(wc11_33)"
"wc11_34","(라) 질 높고 충분한 보육서비스 제공(wc11_34)"
"wc11_35","(마) 빈곤 예방 및 감소(wc11_35)"
"wc11_36","(바) 실업에 대한 대응(wc11_36)"
"wc11_37","(사) 성평등 수준을 높이는 것(wc11_37)"
"wc11_38","(아) 위생적이고 적절한 주택에서 거주(wc11_38)"
"wc11_39","(자) 인재 육성을 위한 학교교육(wc11_39)"
"wc11_40","(가) 교육(wc11_40)"
"wc11_41","(나) 보건의료(wc11_41)"
"wc11_42","(다) 아동(wc11_42)"
"wc11_43","(라) 노인(wc11_43)"
"wc11_44","(마) 주거(wc11_44)"
"wc11_45","(바) 고용(wc11_45)"
"wc11_46","(사) 장애인(wc11_46)"
"wc11_47","(가) 교육(wc11_47)"
"wc11_48","(나) 보건의료(wc11_48)"
"wc11_49","(다) 아동(wc11_49)"
"wc11_50","(라) 노인(wc11_50)"
"wc11_51","(마) 주거(wc11_51)"
"wc11_52","(바) 고용(wc11_52)"
"wc11_53","(사) 장애인(wc11_53)"
"wc11_54","(가) 고소득층의 세금수준(wc11_54)"
"wc11_55","(나) 중간층의 세금수준(wc11_55)"
"wc11_56","(다) 저소득층의 세금수준(wc11_56)"
"wc11_58","나보다 돈을 많이 벌면서 세금을 적게 내는 사람이 많다(wc11_58)"
"wc11_59","복지예산을 늘리기 위해 세금을 더 걷어야 한다(wc11_59)"
"wc11_60","노인, 아동, 장애인을 위한 돈 마련 방법(wc11_60)"
"wc11_61","노인, 아동, 장애인을 위한 돈 마련 방법- 기타로 응답한 경우(wc11_61)"
"wc11_62","사회서비스 대상(wc11_62)"
"wc11_63","사회문제 해결의 우선순위- 1순위(wc11_63)"
"wc11_8aq12","사회문제 해결의 우선순위- 1순위 기타로 응답한 경우  (wc11_8aq12)"
"wc11_64","사회문제 해결의 우선순위- 2순위(wc11_64)"
"wc11_65","사회문제 해결의 우선순위- 2순위 기타로 응답한 경우  (wc11_65)"
"wc11_5aq4","정치에 대한 관심도(wc11_5aq4)"
"wc11_5aq5","한국의 정치상황에 대한 만족도(wc11_5aq5)"
"wc11_5aq6","자신의 정치적 성향(wc11_5aq6)"
"h11_pers_income1","상용근로자 소득(개인)(h11_pers_income1)"
"h11_pers_income2","임시, 일용근로자 소득(개인)(h11_pers_income2)"
"h11_pers_income3","고용주, 자영자 소득(농림축어업제외)(개인)(h11_pers_income3)"
"h11_pers_income4","부업소득(개인)(h11_pers_income4)"
"h11_pers_income5","농림축어업 경영주 소득(개인)(h11_pers_income5)"
