"0","kowebs <- read.spss(file='./kowebs/Koweps_hpwc11_2016_beta1.sav', to.data.frame = T)"
"2","./kowebs/Koweps_hpwc11_2016_beta1.sav: Compression bias (0) is not the usual value of 100"
"0","ko2016 <- kowebs"
"0","summary(ko2016)"
"1","     h11_id    "
"1","    h11_ind      "
"1","     h11_sn     "
"1","   h11_merkey      "
"1","     h_new       "
"1","    h11_cobf      "
"1","
"
"1"," Min.   :   1  "
"1"," Min.   : 1.000  "
"1"," Min.   :1.000  "
"1"," Min.   :   10101  "
"1"," Min.   :0.0000  "
"1"," Min.   :0.00000  "
"1","
"
"1","    h11_reg5    "
"1","    h11_reg7    "
"1","    h11_din      "
"1","    h11_cin      "
"1","    h11_flag"
"1","    p11_wgl       "
"1","
"
"1"," Min.   :1.000  "
"1"," Min.   :1.000  "
"1"," Min.   :-15659  "
"1"," Min.   :-15587  "
"1"," Min.   :0  "
"1"," Min.   :    0.0  "
"1","
"
"1","    p11_wsl      "
"1","    p11_wgc        "
"1","    p11_wsc       "
"1","     h11_hc     "
"1","    nh1101_1    "
"1","    nh1101_2     "
"1","
"
"1"," Min.   :0.0000  "
"1"," Min.   :   41.61  "
"1"," Min.   :0.01314  "
"1"," Min.   :1.000  "
"1"," Min.   :2014   "
"1"," Min.   : 1.000  "
"1","
"
"1","    h1101_1     "
"1","    h11_pind     "
"1","    h11_pid      "
"1","     h11_g1     "
"1","     h11_g2      "
"1","     h11_g3     "
"1","
"
"1"," Min.   :1.000  "
"1"," Min.   : 1.000  "
"1"," Min.   :   101  "
"1"," Min.   :1.000  "
"1"," Min.   :  1.00  "
"1"," Min.   :1.000  "
"1","
"
"1","     h11_g4    "
"1","     h11_g6     "
"1","     h11_g7     "
"1","     h11_g8       "
"1","     h11_g9      "
"1","    h11_g10     "
"1","
"
"1"," Min.   :1907  "
"1"," Min.   :1.000  "
"1"," Min.   :0.000  "
"1"," Min.   : 0.0000  "
"1"," Min.   :0.0000  "
"1"," Min.   :0.000  "
"1","
"
"1","    h11_g11     "
"1","    h11_g12      "
"1","   h1101_110    "
"1","   h1101_5aq1     "
"1","   h1101_5aq2 "
"1","   h1101_5aq3     "
"1","
"
"1"," Min.   :1.000  "
"1"," Min.   : 1.000  "
"1"," Min.   :1.000  "
"1"," Min.   :0.00000  "
"1"," Min.   :0.0  "
"1"," Min.   :0.00000  "
"1","
"
"1","   h1101_5aq4    "
"1","  h1101_11aq1   "
"1","  h1101_11aq2     "
"1","  h1101_11aq3     "
"1","  h1101_11aq4   "
"1","  h1101_11aq5    "
"1","
"
"1"," Min.   :0.0000  "
"1"," Min.   :1.000  "
"1"," Min.   :0.00000  "
"1"," Min.   :0.00000  "
"1"," Min.   :1.000  "
"1"," Min.   :0.0000  "
"1","
"
"1","  h1101_11aq6    "
"1","  h1101_11aq7   "
"1","  h1101_11aq8   "
"1","  h1101_11aq9   "
"1","  h1101_11aq10    "
"1","    h11_med1    "
"1","
"
"1"," Min.   :0.0000  "
"1"," Min.   :1.000  "
"1"," Min.   :0.000  "
"1"," Min.   :1.000  "
"1"," Min.   :0.00000  "
"1"," Min.   :1.000  "
"1","
"
"1","    h11_med2    "
"1","    h11_med3     "
"1","    h11_med4      "
"1","    h11_med5     "
"1","    h11_med6    "
"1","    h11_med7   "
"1","
"
"1"," Min.   :1.000  "
"1"," Min.   :  0.00  "
"1"," Min.   : 0.0000  "
"1"," Min.   :  0.00  "
"1"," Min.   :0.000  "
"1"," Min.   :0.00  "
"1","
"
"1","    h11_med8    "
"1","    h11_g9_1   "
"1","    h11_med9     "
"1","   h11_med10     "
"1","    h11_eco1    "
"1","    h11_eco2    "
"1","
"
"1"," Min.   : 0.00  "
"1"," Min.   :0.00  "
"1"," Min.   : 0.000  "
"1"," Min.   : 0.000  "
"1"," Min.   :1.000  "
"1"," Min.   :0.000  "
"1","
"
"1","    h11_eco3    "
"1","    h11_eco4    "
"1","   h11_eco4_1   "
"1","   h11_eco5_1   "
"1","    h11_eco6    "
"1","  h11_eco_7_1   "
"1","
"
"1"," Min.   :1.000  "
"1"," Min.   :1.000  "
"1"," Min.   :3.000  "
"1"," Min.   :1.000  "
"1"," Min.   :1.000  "
"1"," Min.   :1.000  "
"1","
"
"1","  h11_eco_7_2   "
"1","  h11_eco_7_3   "
"1","    h11_eco8    "
"1","    h11_eco9     "
"1","   h11_eco10     "
"1","   h11_eco11    "
"1","
"
"1"," Min.   :1.000  "
"1"," Min.   :1.000  "
"1"," Min.   : 1.00  "
"1"," Min.   : 111.0  "
"1"," Min.   : 1.000  "
"1"," Min.   : 1.00  "
"1","
"
"1","    h11_soc1    "
"1","   h11_soc_2     "
"1","   h11_soc_3    "
"1","   h11_soc_4    "
"1","   h11_soc_5    "
"1","   h11_soc_6    "
"1","
"
"1"," Min.   :1.000  "
"1"," Min.   :0.0000  "
"1"," Min.   :1.000  "
"1"," Min.   :1.000  "
"1"," Min.   :1.000  "
"1"," Min.   :1.000  "
"1","
"
"1","   h11_soc_7    "
"1","   h11_soc_8    "
"1","   h11_soc_9    "
"1","   h11_soc_10    "
"1","   h11_soc_11   "
"1","    h11_soc8     "
"1","
"
"1"," Min.   :1.000  "
"1"," Min.   : 1.00  "
"1"," Min.   :0.000  "
"1"," Min.   : 0.000  "
"1"," Min.   :1.000  "
"1"," Min.   :0.0000  "
"1","
"
"1","    h11_soc9     "
"1","   h11_soc11     "
"1","   h11_soc10     "
"1","   h11_soc_12   "
"1","   h11_soc_13   "
"1","    h1105_1     "
"1","
"
"1"," Min.   :0.0000  "
"1"," Min.   :0.0000  "
"1"," Min.   :0.0000  "
"1"," Min.   :1.000  "
"1"," Min.   :1.000  "
"1"," Min.   :1.000  "
"1","
"
"1","   h1105_3aq1   "
"1","    h1105_2     "
"1","    h1105_3     "
"1","    h1105_4    "
"1","    h1105_5     "
"1","    h1105_6      "
"1","
"
"1"," Min.   :1.000  "
"1"," Min.   :1.000  "
"1"," Min.   :0.00   "
"1"," Min.   :1.00  "
"1"," Min.   :1.000  "
"1"," Min.   : 1.000  "
"1","
"
"1","    h1105_7     "
"1","    nh1105_8    "
"1","    nh1105_9    "
"1","   h1105_3aq2    "
"1","   h1106_aq1    "
"1","    h1106_1      "
"1","
"
"1"," Min.   :0.000  "
"1"," Min.   :1.000  "
"1"," Min.   :2.000  "
"1"," Min.   :  0.00  "
"1"," Min.   :1.000  "
"1"," Min.   : 1.000  "
"1","
"
"1","    h1106_2     "
"1","    h1106_4     "
"1","    h1106_5      "
"1","    h1106_3     "
"1","    h1106_6      "
"1","    h1106_8     "
"1","
"
"1"," Min.   :1.000  "
"1"," Min.   :1.000  "
"1"," Min.   :  7.00  "
"1"," Min.   :1.000  "
"1"," Min.   :     5  "
"1"," Min.   :1.000  "
"1","
"
"1","    h1106_9    "
"1","   h1106_aq2      "
"1","   h1106_aq3    "
"1","    h1106_10    "
"1","    h1106_11    "
"1","    h1106_12    "
"1","
"
"1"," Min.   : 1.0  "
"1"," Min.   :    0.0  "
"1"," Min.   :    0  "
"1"," Min.   :1.000  "
"1"," Min.   :1.000  "
"1"," Min.   :1.000  "
"1","
"
"1","    h1106_13    "
"1","    h1106_14    "
"1","    h1106_21    "
"1","    h1106_22    "
"1","    h1106_23    "
"1","    h1106_24    "
"1","
"
"1"," Min.   :1.000  "
"1"," Min.   :1.000  "
"1"," Min.   :1.000  "
"1"," Min.   :1.000  "
"1"," Min.   :1.000  "
"1"," Min.   :1.000  "
"1","
"
"1","    h1106_25    "
"1","    h1106_27    "
"1","    h1106_30    "
"1","    h1106_33    "
"1","    h1106_36"
"1","    h1106_39    "
"1","   h1106_3aq1   "
"1","
"
"1"," Min.   :1.000  "
"1"," Min.   :1.000  "
"1"," Min.   :1.000  "
"1"," Min.   :1.000  "
"1"," Min.   :1  "
"1"," Min.   :1.000  "
"1"," Min.   :1.000  "
"1","
"
"1","   h1107_3aq1    "
"1","   h1107_3aq2    "
"1","   h1107_5aq1    "
"1","   h1107_3aq3     "
"1","   h1107_3aq4     "
"1","   h1107_3aq5    "
"1","
"
"1"," Min.   :  0.00  "
"1"," Min.   :  0.00  "
"1"," Min.   : 0.000  "
"1"," Min.   :  0.000  "
"1"," Min.   :  0.000  "
"1"," Min.   :  0.80  "
"1","
"
"1","   h1107_6aq1    "
"1","   h1107_3aq6     "
"1","   h1107_5aq2     "
"1","   h1107_3aq7    "
"1","   h1107_3aq8    "
"1","   h1107_3aq9     "
"1","
"
"1"," Min.   : 0.000  "
"1"," Min.   :  0.000  "
"1"," Min.   :  0.000  "
"1"," Min.   :  0.00  "
"1"," Min.   :  0.00  "
"1"," Min.   :  0.000  "
"1","
"
"1","  h1107_3aq10    "
"1","  h1107_3aq11    "
"1","   h1107_5aq3     "
"1","   h1107_5aq4   "
"1","  h1107_3aq13    "
"1","   h1107_6aq4    "
"1","
"
"1"," Min.   :  0.00  "
"1"," Min.   :  0.00  "
"1"," Min.   :   0.00  "
"1"," Min.   : 0.00  "
"1"," Min.   :  0.00  "
"1"," Min.   :  0.00  "
"1","
"
"1","   h1107_6aq6    "
"1","  h1107_3aq14     "
"1","  h1107_3aq15     "
"1","  h1107_3aq16     "
"1","  h1107_3aq17     "
"1","    h1107_4       "
"1","
"
"1"," Min.   :  0.00  "
"1"," Min.   :  0.000  "
"1"," Min.   :  0.000  "
"1"," Min.   :   0.00  "
"1"," Min.   :  0.000  "
"1"," Min.   :   0.00  "
"1","
"
"1","   h1107_6aq7     "
"1","   h1107_6aq8    "
"1","   h1107_6aq9    "
"1","  h1107_6aq10      "
"1","  h1107_6aq11      "
"1","    h1107_5      "
"1","
"
"1"," Min.   :  0.000  "
"1"," Min.   : 0.000  "
"1"," Min.   : 0.000  "
"1"," Min.   :   0.000  "
"1"," Min.   : 0.00000  "
"1"," Min.   :  0.00  "
"1","
"
"1","  h1107_6aq12    "
"1","  h1107_6aq13    "
"1","  h1107_6aq14    "
"1","    h1107_9      "
"1","    h1109_9      "
"1","   h1109_6aq4    "
"1","
"
"1"," Min.   :  0.00  "
"1"," Min.   : 0.000  "
"1"," Min.   : 0.000  "
"1"," Min.   :  18.0  "
"1"," Min.   :   0.0  "
"1"," Min.   :   0.0  "
"1","
"
"1","    h11_inc1    "
"1","   h11_inc2_1    "
"1","   h11_inc2_2   "
"1","   h11_inc3_1    "
"1","   h11_inc3_2    "
"1","   h11_inc4_1    "
"1","
"
"1"," Min.   :1.000  "
"1"," Min.   :0.0000  "
"1"," Min.   : 0.00  "
"1"," Min.   :0.0000  "
"1"," Min.   : 0.000  "
"1"," Min.   :0.0000  "
"1","
"
"1","   h11_inc4_2   "
"1","   h11_inc5_1    "
"1","   h11_inc5_2   "
"1","   h11_inc6_1    "
"1","   h11_inc6_2   "
"1","   h11_inc7_1    "
"1","
"
"1"," Min.   : 1.00  "
"1"," Min.   :0.0000  "
"1"," Min.   : 3.00  "
"1"," Min.   :0.0000  "
"1"," Min.   : 4.00  "
"1"," Min.   :0.0000  "
"1","
"
"1","   h11_inc7_2   "
"1","   h1108_106     "
"1","   h1108_107     "
"1","   h1108_108     "
"1","   h1108_109     "
"1","   h1108_110       "
"1","
"
"1"," Min.   : 1.00  "
"1"," Min.   :0.0000  "
"1"," Min.   :0.0000  "
"1"," Min.   :0.0000  "
"1"," Min.   :0.0000  "
"1"," Min.   :0.000000  "
"1","
"
"1","   h1108_111    "
"1","   h11_inc2_3   "
"1","    h11_inc2    "
"1","   h11_inc3_6   "
"1","    h11_inc3    "
"1","   h11_inc4_7   "
"1","
"
"1"," Min.   :0.000  "
"1"," Min.   :1.000  "
"1"," Min.   :    0  "
"1"," Min.   :1.000  "
"1"," Min.   :    0  "
"1"," Min.   :1.000  "
"1","
"
"1","    h11_inc4     "
"1","   h11_inc4_8   "
"1","   h11_inc4_9   "
"1","   h1108_155     "
"1","   h1108_156    "
"1","   h1108_157       "
"1","
"
"1"," Min.   :-12007  "
"1"," Min.   :1.000  "
"1"," Min.   :    0  "
"1"," Min.   :     0  "
"1"," Min.   :    0  "
"1"," Min.   :     0.0  "
"1","
"
"1","   h1108_158      "
"1","   h1108_160      "
"1","   h1108_159    "
"1","   h1108_3aq3    "
"1","   h1108_161    "
"1","   h1108_162      "
"1","
"
"1"," Min.   :    0.0  "
"1"," Min.   :    0.0  "
"1"," Min.   :  0.0  "
"1"," Min.   :   0.0  "
"1"," Min.   :    0  "
"1"," Min.   :   0.00  "
"1","
"
"1","   h1108_163    "
"1","   h1108_164     "
"1","   h1108_166    "
"1","   h1108_165     "
"1","   h1108_3aq4    "
"1","   h1108_167    "
"1","
"
"1"," Min.   :    0  "
"1"," Min.   :-16480  "
"1"," Min.   :    0  "
"1"," Min.   :  0.00  "
"1"," Min.   :  0.00  "
"1"," Min.   :  230  "
"1","
"
"1","   h1108_168    "
"1","   h1108_169     "
"1","   h1108_170    "
"1","   h11_inc7_3   "
"1","    h11_inc7       "
"1","   h1108_aq9      "
"1","
"
"1"," Min.   :0      "
"1"," Min.   :  15.0  "
"1"," Min.   :-1700  "
"1"," Min.   :1.000  "
"1"," Min.   :   0.000  "
"1"," Min.   :   0.00  "
"1","
"
"1","   h1108_aq10     "
"1","   h1108_aq11      "
"1","   h1108_aq12     "
"1","   h1108_aq13     "
"1","   h1108_aq14     "
"1","
"
"1"," Min.   :    0.0  "
"1"," Min.   :   0.000  "
"1"," Min.   :    0.0  "
"1"," Min.   :   0.00  "
"1"," Min.   :   0.00  "
"1","
"
"1","   h1108_aq15      "
"1","   h1108_6aq1      "
"1","   h1108_aq16     "
"1","  h1108_10aq1    "
"1","   h1108_aq19      "
"1","
"
"1"," Min.   :   0.000  "
"1"," Min.   :  0.0000  "
"1"," Min.   :  0.000  "
"1"," Min.   :  0.00  "
"1"," Min.   :  0.0000  "
"1","
"
"1","   h1108_aq20      "
"1","   h1108_aq21     "
"1","   h1108_5aq3     "
"1","   h1108_7aq1     "
"1","   h1108_aq22     "
"1","   h1108_7aq2     "
"1","
"
"1"," Min.   :  0.0000  "
"1"," Min.   :  0.000  "
"1"," Min.   :   0.00  "
"1"," Min.   :   0.00  "
"1"," Min.   :   0.00  "
"1"," Min.   :   0.00  "
"1","
"
"1","   h1108_aq23     "
"1","   h1108_aq24     "
"1","  h1108_4aq116     "
"1","  h1108_4aq117     "
"1","   h1108_5aq1     "
"1","
"
"1"," Min.   :  0.000  "
"1"," Min.   :   0.00  "
"1"," Min.   :  0.0000  "
"1"," Min.   :   0.000  "
"1"," Min.   :  0.000  "
"1","
"
"1","  h1108_11aq1     "
"1","   h1108_7aq4     "
"1","   h1108_7aq5     "
"1","   h1108_7aq6     "
"1","   h1108_7aq7    "
"1","   h1108_7aq8     "
"1","
"
"1"," Min.   :  0.000  "
"1"," Min.   :  0.000  "
"1"," Min.   :  0.000  "
"1"," Min.   :  0.000  "
"1"," Min.   : 0.000  "
"1"," Min.   :  0.000  "
"1","
"
"1","   h1108_7aq9     "
"1","   h1108_aq25      "
"1","  h1108_7aq10    "
"1","   h1108_aq26      "
"1","   h1108_aq27     "
"1","
"
"1"," Min.   :  0.000  "
"1"," Min.   :   0.000  "
"1"," Min.   :  0.00  "
"1"," Min.   :    0.00  "
"1"," Min.   :   0.00  "
"1","
"
"1","   h1108_aq28      "
"1","   h1108_aq29      "
"1","   h1108_3aq5      "
"1","  h1108_4aq118  "
"1","   h1108_aq30      "
"1","
"
"1"," Min.   :    0.00  "
"1"," Min.   :    0.00  "
"1"," Min.   :    0.00  "
"1"," Min.   :    0  "
"1"," Min.   :   0.000  "
"1","
"
"1","   h1108_6aq3     "
"1","   h1108_3aq6     "
"1","   h1108_3aq7    "
"1","  nh1108_3aq1     "
"1","   h1108_aq32      "
"1","   h1108_aq33      "
"1","
"
"1"," Min.   :-706.00  "
"1"," Min.   :   0.00  "
"1"," Min.   :   0.0  "
"1"," Min.   :   0.00  "
"1"," Min.   :   0.000  "
"1"," Min.   :    0.00  "
"1","
"
"1","   h1108_aq34     "
"1","   h1108_3aq8    "
"1","   h1108_195      "
"1","  h1108_7aq11      "
"1","  h1108_11aq2    "
"1","  h1108_11aq3    "
"1","
"
"1"," Min.   :   0.00  "
"1"," Min.   :0.0000  "
"1"," Min.   :   0.00  "
"1"," Min.   :  0.0000  "
"1"," Min.   :0.0000  "
"1"," Min.   :  0.00  "
"1","
"
"1","  h1108_11aq4    "
"1","  h1108_11aq5     "
"1","  h1108_11aq6      "
"1","  h1108_11aq7    "
"1","  h1108_11aq8     "
"1","  h1108_11aq9      "
"1","
"
"1"," Min.   :0.0000  "
"1"," Min.   :  0.000  "
"1"," Min.   :  0.0000  "
"1"," Min.   :0.0000  "
"1"," Min.   :  0.000  "
"1"," Min.   :  0.0000  "
"1","
"
"1","   h1109_aq1      "
"1","   h1109_aq2       "
"1","   h1109_aq3      "
"1","   h1109_aq4     "
"1","   h1109_aq5     "
"1","   h1109_aq6      "
"1","
"
"1"," Min.   :      0  "
"1"," Min.   :    0.00  "
"1"," Min.   :      0  "
"1"," Min.   :     0  "
"1"," Min.   :   0.0  "
"1"," Min.   :    0.0  "
"1","
"
"1","   h1109_aq7      "
"1","   h1109_aq8      "
"1","   h1110_aq1     "
"1","   h1110_aq2     "
"1","   h1110_aq3     "
"1","   h1110_aq4      "
"1","
"
"1"," Min.   :   0.00  "
"1"," Min.   :      0  "
"1"," Min.   :     0  "
"1"," Min.   :     0  "
"1"," Min.   :     0  "
"1"," Min.   :    0.0  "
"1","
"
"1","   h1110_aq5       "
"1","   h1110_aq6      "
"1","   h1110_aq7    "
"1","   h1110_aq8      "
"1","   h1110_aq9       "
"1","   h1110_aq10     "
"1","
"
"1"," Min.   :     0.0  "
"1"," Min.   :      0  "
"1"," Min.   :    0  "
"1"," Min.   :      0  "
"1"," Min.   :   0.000  "
"1"," Min.   :    0.0  "
"1","
"
"1","   h1110_aq11      "
"1","   h1110_aq12     "
"1","   h1110_aq13     "
"1","   h1110_aq14    "
"1","   h1110_aq15    "
"1","   h1110_aq16      "
"1","
"
"1"," Min.   :  0.0000  "
"1"," Min.   :   0.00  "
"1"," Min.   :   0.00  "
"1"," Min.   :   0.0  "
"1"," Min.   :   0.0  "
"1"," Min.   :    0.00  "
"1","
"
"1","   h1110_aq17"
"1","   h1110_aq18      "
"1","   h1110_aq19      "
"1","   h1110_aq20      "
"1","    h1110_26     "
"1","    h1110_27      "
"1","
"
"1"," Min.   :0   "
"1"," Min.   :   0.000  "
"1"," Min.   :    0.00  "
"1"," Min.   :    0.00  "
"1"," Min.   :0.0000  "
"1"," Min.   :    0.0  "
"1","
"
"1","   h1110_aq23       "
"1","   h1110_aq24   "
"1","   h1110_aq25   "
"1","   h1110_aq26      "
"1","    h1111_2     "
"1","    h1111_3     "
"1","
"
"1"," Min.   :    0.000  "
"1"," Min.   :    0  "
"1"," Min.   :    0  "
"1"," Min.   :    0.00  "
"1"," Min.   :1.000  "
"1"," Min.   :1.000  "
"1","
"
"1","    h1111_4     "
"1","    h1111_5     "
"1","    h1111_6     "
"1","    h1111_7     "
"1","    h1111_8     "
"1","   h1111_3aq1   "
"1","
"
"1"," Min.   :1.000  "
"1"," Min.   :1.000  "
"1"," Min.   :1.000  "
"1"," Min.   :1.000  "
"1"," Min.   :1.000  "
"1"," Min.   :1.000  "
"1","
"
"1","   h1111_3aq2   "
"1","   h1111_3aq3   "
"1","   h1111_3aq4   "
"1","   h1111_3aq5   "
"1","   h1111_3aq6   "
"1","   h1111_3aq7   "
"1","
"
"1"," Min.   :1.000  "
"1"," Min.   :1.000  "
"1"," Min.   :1.000  "
"1"," Min.   :1.000  "
"1"," Min.   :1.000  "
"1"," Min.   :1.000  "
"1","
"
"1","    h1112_1     "
"1","    nh1112_1    "
"1","    h1112_2     "
"1","    h1112_3     "
"1","    h1112_4     "
"1","    h1112_5     "
"1","
"
"1"," Min.   :1.000  "
"1"," Min.   :1.000  "
"1"," Min.   :1.000  "
"1"," Min.   :1.000  "
"1"," Min.   :1.00   "
"1"," Min.   :1.00   "
"1","
"
"1","    h1112_6     "
"1","    h1112_7     "
"1","    nh1112_7    "
"1","    nh1112_8    "
"1","    h1112_9     "
"1","    h1112_10    "
"1","
"
"1"," Min.   :1.000  "
"1"," Min.   :1.000  "
"1"," Min.   :1.000  "
"1"," Min.   :2015   "
"1"," Min.   :1.000  "
"1"," Min.   :2.000  "
"1","
"
"1","    h1112_11    "
"1","    h1112_12    "
"1","    h1112_13    "
"1","    h1112_14    "
"1","    h1112_15    "
"1","   h1112_3aq1   "
"1","
"
"1"," Min.   :4      "
"1"," Min.   :4      "
"1"," Min.   : NA    "
"1"," Min.   : NA    "
"1"," Min.   :1.000  "
"1"," Min.   :1.00   "
"1","
"
"1","    h1112_16    "
"1","    h1112_17    "
"1","    h1112_18     "
"1","    h1112_19    "
"1"," h1112_2_11aq1  "
"1"," h1112_2_11aq2  "
"1","
"
"1"," Min.   :1.000  "
"1"," Min.   :1.000  "
"1"," Min.   : 2.000  "
"1"," Min.   :1.000  "
"1"," Min.   :1.000  "
"1"," Min.   :2      "
"1","
"
"1"," h1112_2_11aq3  "
"1"," h1112_2_11aq4  "
"1"," h1112_2_11aq5  "
"1"," h1112_2_11aq6  "
"1"," h1112_2_11aq7  "
"1"," h1112_2_11aq8  "
"1","
"
"1"," Min.   :1.000  "
"1"," Min.   :1.000  "
"1"," Min.   :1.000  "
"1"," Min.   :1.000  "
"1"," Min.   :1.000  "
"1"," Min.   :1.000  "
"1","
"
"1"," h1112_2_11aq9  "
"1"," h1112_2_11aq10 "
"1"," h1112_2_11aq11 "
"1"," h1112_2_11aq12 "
"1"," h1112_2_11aq13 "
"1"," h1112_2_11aq14 "
"1","
"
"1"," Min.   :1.000  "
"1"," Min.   :1.000  "
"1"," Min.   :1.000  "
"1"," Min.   :1.000  "
"1"," Min.   :1.000  "
"1"," Min.   :1.000  "
"1","
"
"1"," h1112_2_11aq16  "
"1"," h1112_2_11aq17 "
"1"," h1112_2_11aq18 "
"1"," h1112_2_11aq19 "
"1"," h1112_2_11aq20 "
"1"," h1112_2_11aq21 "
"1","
"
"1"," Min.   : 7.000  "
"1"," Min.   : 7.00  "
"1"," Min.   :7      "
"1"," Min.   :12     "
"1"," Min.   :7      "
"1"," Min.   : NA    "
"1","
"
"1"," h1112_2_11aq23  "
"1"," h1112_2_11aq24 "
"1"," h1112_2_11aq25  "
"1"," h1112_2_11aq26 "
"1"," h1112_2_11aq27 "
"1"," h1112_2_11aq28 "
"1","
"
"1"," Min.   : 7.000  "
"1"," Min.   : 7.00  "
"1"," Min.   : 7.000  "
"1"," Min.   :12     "
"1"," Min.   :0.000  "
"1"," Min.   : 0     "
"1","
"
"1"," h1112_2_11aq30  "
"1"," h1112_2_11aq31 "
"1"," h1112_2_11aq32 "
"1"," h1112_2_11aq33 "
"1"," h1112_2_11aq34 "
"1"," h1112_2_11aq35 "
"1","
"
"1"," Min.   : 7.000  "
"1"," Min.   : 7.00  "
"1"," Min.   : NA    "
"1"," Min.   : NA    "
"1"," Min.   : NA    "
"1"," Min.   : NA    "
"1","
"
"1"," h1112_2_11aq37  "
"1"," h1112_2_11aq38 "
"1"," h1112_2_11aq39 "
"1"," h1112_2_11aq40 "
"1"," h1112_2_11aq41 "
"1"," h1112_2_11aq42 "
"1","
"
"1"," Min.   : 7.000  "
"1"," Min.   : 9.00  "
"1"," Min.   : NA    "
"1"," Min.   : NA    "
"1"," Min.   : NA    "
"1"," Min.   : NA    "
"1","
"
"1"," h1112_2_11aq43 "
"1"," h1112_2_11aq44 "
"1"," h1112_2_11aq45 "
"1"," h1112_2_11aq46 "
"1"," h1112_2_11aq47 "
"1"," h1112_2_11aq48 "
"1","
"
"1"," Min.   :1.000  "
"1"," Min.   :1.00   "
"1"," Min.   :1.00   "
"1"," Min.   :1.000  "
"1"," Min.   :1.000  "
"1"," Min.   :1.000  "
"1","
"
"1"," h1112_2_11aq49 "
"1"," h1112_2_11aq50 "
"1"," h1112_2_11aq51 "
"1"," h1112_2_11aq52 "
"1"," h1112_2_11aq53 "
"1"," h1112_2_11aq54 "
"1","
"
"1"," Min.   :1.000  "
"1"," Min.   :1.000  "
"1"," Min.   :1.000  "
"1"," Min.   :1.00   "
"1"," Min.   :1.000  "
"1"," Min.   :1.000  "
"1","
"
"1"," h1112_2_11aq55  "
"1"," h1112_2_11aq56 "
"1"," h1112_2_11aq57  "
"1"," h1112_2_11aq58  "
"1"," h1112_2_11aq59 "
"1","  h1112_1_4aq1  "
"1","
"
"1"," Min.   : 1.000  "
"1"," Min.   :1.000  "
"1"," Min.   : 1.000  "
"1"," Min.   : 2.000  "
"1"," Min.   :1.000  "
"1"," Min.   :1.000  "
"1","
"
"1"," nh1112_1_4aq1  "
"1"," nh1112_1_4aq2  "
"1","  h1112_1_5aq1 "
"1","  h1112_1_5aq2  "
"1","  h1112_1_5aq3  "
"1","  h1112_1_5aq4  "
"1","
"
"1"," Min.   :1.000  "
"1"," Min.   :1.000  "
"1"," Min.   :1.00  "
"1"," Min.   :1.00   "
"1"," Min.   :1.00   "
"1"," Min.   :1.000  "
"1","
"
"1","  h1112_1_5aq5  "
"1","  h1112_1_4aq2  "
"1","    h1113_2     "
"1","    h1113_6     "
"1","    h1113_10    "
"1","    h1113_14   "
"1","
"
"1"," Min.   :2.000  "
"1"," Min.   :1.000  "
"1"," Min.   :1.000  "
"1"," Min.   :1.000  "
"1"," Min.   :1.000  "
"1"," Min.   :1.00  "
"1","
"
"1","    h1113_18    "
"1","    h1113_22    "
"1","    h1113_26    "
"1","   h1113_8aq1   "
"1","   h1113_5aq1   "
"1","   h1113_8aq2   "
"1","
"
"1"," Min.   :1.000  "
"1"," Min.   :1.000  "
"1"," Min.   :1.000  "
"1"," Min.   :1.000  "
"1"," Min.   :1.000  "
"1"," Min.   :1.000  "
"1","
"
"1","   h1113_4aq1   "
"1","   h1113_4aq2   "
"1","   h1113_4aq4   "
"1","   h1113_4aq6   "
"1","   h1113_4aq8   "
"1","  h1113_4aq10   "
"1","
"
"1"," Min.   :1.000  "
"1"," Min.   :1.000  "
"1"," Min.   :1.000  "
"1"," Min.   :1.000  "
"1"," Min.   :1.000  "
"1"," Min.   :1.000  "
"1","
"
"1","   h1113_5aq4   "
"1","   h1113_5aq6   "
"1","   h1113_5aq8   "
"1","   h1113_6aq1   "
"1","  h1113_10aq1   "
"1","  h1113_4aq14   "
"1","
"
"1"," Min.   :1.000  "
"1"," Min.   :1.000  "
"1"," Min.   :1.000  "
"1"," Min.   :1.000  "
"1"," Min.   :1.000  "
"1"," Min.   :1.000  "
"1","
"
"1","                                             h1113_4aq15   "
"1","  h1113_4aq16   "
"1","  h1113_4aq17   "
"1","  h1113_4aq18   "
"1","
"
"1"," .                                                 :15059  "
"1"," Min.   :1.000  "
"1"," Min.   :  0.0  "
"1"," Min.   :1.000  "
"1","
"
"1","  h1113_4aq20   "
"1","  h1113_4aq22   "
"1","  h1113_4aq24   "
"1","  h1113_4aq26   "
"1","  h1113_4aq28   "
"1","  h1113_4aq30   "
"1","
"
"1"," Min.   :1.000  "
"1"," Min.   :1.000  "
"1"," Min.   :1.000  "
"1"," Min.   :2      "
"1"," Min.   :1.00   "
"1"," Min.   :1.000  "
"1","
"
"1","  h1113_4aq32   "
"1","    h1114_4     "
"1","    h1114_8     "
"1","    h1114_12    "
"1","    h1114_16    "
"1","    h1114_20    "
"1","
"
"1"," Min.   :1.000  "
"1"," Min.   :1.000  "
"1"," Min.   :1.000  "
"1"," Min.   :1.000  "
"1"," Min.   :1.000  "
"1"," Min.   :1.000  "
"1","
"
"1","    h1114_24    "
"1","    h1114_28    "
"1","    h1114_32    "
"1","    h1114_36    "
"1","   h1114_3aq1   "
"1","   h1114_4aq1  "
"1","
"
"1"," Min.   :1.000  "
"1"," Min.   :1.000  "
"1"," Min.   :1.000  "
"1"," Min.   :1.000  "
"1"," Min.   :1.000  "
"1"," Min.   :1.00  "
"1","
"
"1","    h1115_4     "
"1","    h1115_8     "
"1","    h1115_12   "
"1","    h1115_20    "
"1","    h1115_25    "
"1","    h1115_29    "
"1","
"
"1"," Min.   :1.000  "
"1"," Min.   :1.000  "
"1"," Min.   :1.00  "
"1"," Min.   :1.000  "
"1"," Min.   :1.000  "
"1"," Min.   :1.000  "
"1","
"
"1","    h1115_33   "
"1","    h1115_37    "
"1","   h1115_4aq1   "
"1","   h1115_7aq1   "
"1","   h1115_aq1    "
"1","    h1115_40    "
"1","
"
"1"," Min.   :1.00  "
"1"," Min.   :1.000  "
"1"," Min.   :1.000  "
"1"," Min.   :1.000  "
"1"," Min.   :1.000  "
"1"," Min.   :2.00   "
"1","
"
"1","    h1115_41    "
"1","    h1115_42    "
"1","    h1115_43    "
"1","    h1115_44    "
"1","    h1115_45    "
"1","    h1115_46    "
"1","
"
"1"," Min.   :1.00   "
"1"," Min.   :1.000  "
"1"," Min.   :3.000  "
"1"," Min.   :1.000  "
"1"," Min.   :2      "
"1"," Min.   :5.000  "
"1","
"
"1","    h1115_47    "
"1","    h1115_48    "
"1","    h1115_49    "
"1","    h1115_50    "
"1","    h1115_51    "
"1","    h1115_52    "
"1","
"
"1"," Min.   :1.000  "
"1"," Min.   :2      "
"1"," Min.   : NA    "
"1"," Min.   : NA    "
"1"," Min.   : NA    "
"1"," Min.   :9      "
"1","
"
"1","    h1115_53    "
"1","    h1115_54    "
"1","    h1115_55    "
"1","    h1115_56    "
"1","    h1115_57    "
"1","    h1115_60    "
"1","
"
"1"," Min.   :1      "
"1"," Min.   :2      "
"1"," Min.   : NA    "
"1"," Min.   : NA    "
"1"," Min.   : NA    "
"1"," Min.   :2.000  "
"1","
"
"1","   h1115_aq2    "
"1","    h1115_61     "
"1","    h1115_62    "
"1","    h1115_63    "
"1","    h1115_66     "
"1","    h1115_67      "
"1","
"
"1"," Min.   :1.000  "
"1"," Min.   : 1.000  "
"1"," Min.   : 3.00  "
"1"," Min.   : 3.00  "
"1"," Min.   :  0.00  "
"1"," Min.   :  0.000  "
"1","
"
"1","    h1115_68    "
"1","   h1115_aq3    "
"1","    h1115_69     "
"1","    h1115_70    "
"1","    h1115_71    "
"1","    h1115_74     "
"1","
"
"1"," Min.   :3.000  "
"1"," Min.   :1.000  "
"1"," Min.   : 1.000  "
"1"," Min.   : 3.00  "
"1"," Min.   : 8.00  "
"1"," Min.   :  0.00  "
"1","
"
"1","    h1115_75     "
"1","    h1115_76    "
"1","   h1115_aq4    "
"1","    h1115_77     "
"1","    h1115_78    "
"1","    h1115_79    "
"1","
"
"1"," Min.   : 0.000  "
"1"," Min.   :4.000  "
"1"," Min.   :1.000  "
"1"," Min.   : 1.000  "
"1"," Min.   : 6.00  "
"1"," Min.   : 8.00  "
"1","
"
"1","    h1115_82    "
"1","    h1115_83     "
"1","    h1115_84    "
"1","   h1115_aq5    "
"1","    h1115_85     "
"1","    h1115_86    "
"1","
"
"1"," Min.   :  0.0  "
"1"," Min.   : 0.000  "
"1"," Min.   :5.000  "
"1"," Min.   :1.00   "
"1"," Min.   : 1.000  "
"1"," Min.   : 8.00  "
"1","
"
"1","    h1115_87    "
"1","    h1115_90     "
"1","    h1115_91     "
"1","    h1115_92    "
"1","   h1115_aq6    "
"1","    h1115_93    "
"1","
"
"1"," Min.   :10.00  "
"1"," Min.   : 0.000  "
"1"," Min.   : 0.000  "
"1"," Min.   :7.000  "
"1"," Min.   :2      "
"1"," Min.   : NA    "
"1","
"
"1","    h1115_94    "
"1","    h1115_95    "
"1","    h1115_98    "
"1","    h1115_99    "
"1","   h1115_100    "
"1","   h1115_aq7    "
"1","
"
"1"," Min.   : NA    "
"1"," Min.   : NA    "
"1"," Min.   : NA    "
"1"," Min.   : NA    "
"1"," Min.   : NA    "
"1"," Min.   : NA    "
"1","
"
"1","   h1115_101    "
"1","   h1115_102    "
"1","   h1115_103    "
"1","   h1115_106    "
"1","   h1115_107    "
"1","   h1116_6aq1   "
"1","
"
"1"," Min.   : NA    "
"1"," Min.   : NA    "
"1"," Min.   : NA    "
"1"," Min.   : NA    "
"1"," Min.   : NA    "
"1"," Min.   :1.000  "
"1","
"
"1","   h1116_6aq4   "
"1","    h1116_8     "
"1","    h1116_24    "
"1","   h1116_4aq1   "
"1","   h1116_4aq4   "
"1","    h1116_32    "
"1","
"
"1"," Min.   :1.000  "
"1"," Min.   :1.000  "
"1"," Min.   :1.000  "
"1"," Min.   :1.000  "
"1"," Min.   :1.000  "
"1"," Min.   :1.000  "
"1","
"
"1","    h1116_36    "
"1","    h1116_40    "
"1","   h1116_4aq7   "
"1","    h1116_56    "
"1","    h1116_60    "
"1","    h1116_64    "
"1","
"
"1"," Min.   :1.000  "
"1"," Min.   :1.000  "
"1"," Min.   :1.000  "
"1"," Min.   :1.000  "
"1"," Min.   :1.000  "
"1"," Min.   :1.000  "
"1","
"
"1","    h1117_1      "
"1","    h1117_2      "
"1","    h1117_3     "
"1","    h1117_4     "
"1","    h1117_5     "
"1","    h1117_6     "
"1","
"
"1"," Min.   : 0.000  "
"1"," Min.   : 0.000  "
"1"," Min.   :0.000  "
"1"," Min.   :0.000  "
"1"," Min.   :0.000  "
"1"," Min.   :0.000  "
"1","
"
"1","    h1117_7     "
"1","    p11_fnum    "
"1","     p11_tq     "
"1","     p11_cp    "
"1","    p1101_1     "
"1","    p1101_2     "
"1","
"
"1"," Min.   :0.000  "
"1"," Min.   :1.000  "
"1"," Min.   :3.000  "
"1"," Min.   :1.00  "
"1"," Min.   :1.000  "
"1"," Min.   :1.000  "
"1","
"
"1","   p1101_aq1    "
"1","    p1101_3     "
"1","    p1101_4        "
"1","    p1101_5     "
"1","    p1101_6      "
"1","    p1101_10    "
"1","
"
"1"," Min.   :0.000  "
"1"," Min.   :1.000  "
"1"," Min.   :   0.000  "
"1"," Min.   : 0.00  "
"1"," Min.   :   0.0  "
"1"," Min.   :1.000  "
"1","
"
"1","    p1101_11    "
"1","    p1101_12    "
"1","    p1101_13    "
"1","    p1101_14    "
"1","    p1101_7     "
"1","    p1101_8     "
"1","
"
"1"," Min.   :0.000  "
"1"," Min.   :    0  "
"1"," Min.   : 2.0   "
"1"," Min.   : 312   "
"1"," Min.   :0      "
"1"," Min.   : 8.00  "
"1","
"
"1","    p1101_9      "
"1","    p1101_15    "
"1","    p1101_16    "
"1","    p1101_17    "
"1","    p1101_18     "
"1","    p1101_19     "
"1","
"
"1"," Min.   : 156.0  "
"1"," Min.   :1.000  "
"1"," Min.   :1.000  "
"1"," Min.   :0.000  "
"1"," Min.   : 1.000  "
"1"," Min.   :  15.0  "
"1","
"
"1","    p1101_20    "
"1","    p1101_21    "
"1","    p1101_22    "
"1","    p1101_23      "
"1","    p1101_24     "
"1","    p1101_25    "
"1","
"
"1"," Min.   :1.000  "
"1"," Min.   :1.000  "
"1"," Min.   :0.000  "
"1"," Min.   :   0.00  "
"1"," Min.   : 0.000  "
"1"," Min.   :   0   "
"1","
"
"1","    p1101_27    "
"1","    p1101_28     "
"1","    p1101_29    "
"1","    p1101_30     "
"1","    p1101_31    "
"1","    p1101_32    "
"1","
"
"1"," Min.   :1.000  "
"1"," Min.   :   0.0  "
"1"," Min.   : 0.00  "
"1"," Min.   :   0.0  "
"1"," Min.   :1.000  "
"1"," Min.   :    0  "
"1","
"
"1","    p1101_33     "
"1","    p1101_34      "
"1","    p1102_1     "
"1","    p1102_2     "
"1","    p1102_3      "
"1","    p1102_4    "
"1","
"
"1"," Min.   : 0.000  "
"1"," Min.   :  0.000  "
"1"," Min.   :1.000  "
"1"," Min.   :1.000  "
"1"," Min.   : 1.000  "
"1"," Min.   :1942  "
"1","
"
"1","    p1102_5     "
"1","    p1102_6     "
"1","    p1102_7     "
"1","    p1102_8      "
"1","   p1102_8aq1    "
"1","    p1102_9     "
"1","
"
"1"," Min.   : 1.00  "
"1"," Min.   : 0.00  "
"1"," Min.   : 0.00  "
"1"," Min.   :  0.00  "
"1"," Min.   :   0.0  "
"1"," Min.   : 1.00  "
"1","
"
"1","   p1102_8aq2    "
"1","   p1102_4aq1   "
"1","    p1102_10    "
"1","    p1102_11    "
"1","    p1102_12     "
"1","   p1102_8aq3    "
"1","
"
"1"," Min.   : 0.060  "
"1"," Min.   :1.000  "
"1"," Min.   :1.00   "
"1"," Min.   :0.000  "
"1"," Min.   : 0.000  "
"1"," Min.   : 1.000  "
"1","
"
"1","   p1102_8aq4   "
"1","    p1102_31     "
"1","   p1102_4aq2   "
"1","   p1102_4aq3   "
"1","   p1102_4aq4   "
"1","   p1102_8aq5   "
"1","
"
"1"," Min.   : 1.00  "
"1"," Min.   :  40.0  "
"1"," Min.   :1.000  "
"1"," Min.   :1.000  "
"1"," Min.   :1.000  "
"1"," Min.   :0.000  "
"1","
"
"1","   p1102_8aq6   "
"1","   p1102_8aq7   "
"1","   p1102_8aq8  "
"1","   p1102_8aq9  "
"1","  p1102_8aq10   "
"1","  p1102_8aq11  "
"1","  p1102_8aq12   "
"1","
"
"1"," Min.   :0.000  "
"1"," Min.   :0.000  "
"1"," Min.   :0     "
"1"," Min.   :0     "
"1"," Min.   :0.000  "
"1"," Min.   :0     "
"1"," Min.   :0.000  "
"1","
"
"1","  p1102_8aq13  "
"1","  p1102_8aq14   "
"1","  p1102_8aq15   "
"1","   p1102_aq2    "
"1","   p1102_aq3    "
"1","   p1102_aq4    "
"1","
"
"1"," Min.   :0     "
"1"," Min.   :0.000  "
"1"," Min.   :0.000  "
"1"," Min.   :0.000  "
"1"," Min.   :0.000  "
"1"," Min.   : 1.00  "
"1","
"
"1","   p1102_aq5    "
"1","    p1103_1    "
"1","    p1103_2     "
"1","    p1103_5     "
"1","    p1103_6     "
"1","    p1103_7     "
"1","
"
"1"," Min.   : 1.00  "
"1"," Min.   :1.00  "
"1"," Min.   :0.000  "
"1"," Min.   :1.000  "
"1"," Min.   :1.000  "
"1"," Min.   :1.000  "
"1","
"
"1","    p1103_8     "
"1","    p1103_9     "
"1","    p1103_10    "
"1","    p1103_11   "
"1","    p1103_12   "
"1","    p1104_4     "
"1","
"
"1"," Min.   :1.000  "
"1"," Min.   :1.000  "
"1"," Min.   :1.000  "
"1"," Min.   :1.00  "
"1"," Min.   :1.0   "
"1"," Min.   :1.000  "
"1","
"
"1","    p1104_5        "
"1","    p1104_6       "
"1","    p1104_7     "
"1","    p1104_8     "
"1","    p1104_9      "
"1","    p1104_10     "
"1","
"
"1"," Min.   :   0.000  "
"1"," Min.   :  0.000  "
"1"," Min.   :1.000  "
"1"," Min.   :0.000  "
"1"," Min.   : 0.000  "
"1"," Min.   : 0.000  "
"1","
"
"1","    p1104_11    "
"1","    p1104_12     "
"1","    p1104_13     "
"1","   p1104_3aq1   "
"1","   p1104_3aq2   "
"1","   p1104_3aq3   "
"1","
"
"1"," Min.   :0.000  "
"1"," Min.   : 0.000  "
"1"," Min.   : 0.000  "
"1"," Min.   :1.000  "
"1"," Min.   :1.000  "
"1"," Min.   :1.000  "
"1","
"
"1","   p1104_3aq4   "
"1","   p1104_3aq5   "
"1","   p1104_3aq6   "
"1","   p1104_3aq7   "
"1","   p1104_3aq8  "
"1","   p1105_3aq1   "
"1","
"
"1"," Min.   :1.000  "
"1"," Min.   :1.000  "
"1"," Min.   :1.000  "
"1"," Min.   :1.000  "
"1"," Min.   :1.00  "
"1"," Min.   :1.000  "
"1","
"
"1","   p1105_3aq2   "
"1","   p1105_3aq3   "
"1","   p1105_3aq4    "
"1","   p1105_3aq5  "
"1","   p1105_3aq6   "
"1","   p1105_3aq7   "
"1","
"
"1"," Min.   :13.00  "
"1"," Min.   : 0.00  "
"1"," Min.   : 0.000  "
"1"," Min.   :1.00  "
"1"," Min.   : 1.00  "
"1"," Min.   :1.000  "
"1","
"
"1","   p1105_3aq8   "
"1","   p1105_3aq9   "
"1","  p1105_3aq10   "
"1","    p1105_2     "
"1","    p1105_3     "
"1","   p1105_4aq1   "
"1","
"
"1"," Min.   :1.00   "
"1"," Min.   :1.000  "
"1"," Min.   :1.000  "
"1"," Min.   :1.000  "
"1"," Min.   :1.000  "
"1"," Min.   :1.000  "
"1","
"
"1","   p1105_4aq2   "
"1","   p1105_4aq3   "
"1","   p1105_4aq4   "
"1","   p1105_4aq5   "
"1","   p1105_4aq6   "
"1","   p1105_4aq7   "
"1","
"
"1"," Min.   :1.000  "
"1"," Min.   :1.000  "
"1"," Min.   :1.00   "
"1"," Min.   :1.00   "
"1"," Min.   :1.000  "
"1"," Min.   :1.000  "
"1","
"
"1","   p1105_4aq8   "
"1","    p1105_5     "
"1","    p1105_6     "
"1","    p1105_7     "
"1","    p1105_8     "
"1","  p1105_3aq11   "
"1","
"
"1"," Min.   :1.000  "
"1"," Min.   :1.000  "
"1"," Min.   :1.000  "
"1"," Min.   :1.000  "
"1"," Min.   :1.000  "
"1"," Min.   :0.000  "
"1","
"
"1","    p1105_9     "
"1","    p1105_10    "
"1","    p1105_11    "
"1","    p1105_12    "
"1","    p1105_13    "
"1","    p1105_14   "
"1","
"
"1"," Min.   :1.000  "
"1"," Min.   :1.000  "
"1"," Min.   :1.000  "
"1"," Min.   :1.000  "
"1"," Min.   :1.000  "
"1"," Min.   :1.00  "
"1","
"
"1","    p1105_15    "
"1","    p1105_16   "
"1","    p1105_17    "
"1","    p1105_18    "
"1","    p1105_19    "
"1","    p1105_20   "
"1","
"
"1"," Min.   :1.000  "
"1"," Min.   :1.00  "
"1"," Min.   :1.000  "
"1"," Min.   :1.000  "
"1"," Min.   :1.000  "
"1"," Min.   :1.00  "
"1","
"
"1","    p1105_21    "
"1","    p1105_22   "
"1","    p1105_23    "
"1","    p1105_24    "
"1","    p1105_25    "
"1","    p1105_26    "
"1","
"
"1"," Min.   :1.000  "
"1"," Min.   :1.00  "
"1"," Min.   :1.000  "
"1"," Min.   :1.000  "
"1"," Min.   :1.000  "
"1"," Min.   :1.000  "
"1","
"
"1","    p1105_27    "
"1","    p1105_28    "
"1","    p1105_29    "
"1","   p1105_4aq9    "
"1","  p1105_4aq10    "
"1","  p1105_4aq11    "
"1","
"
"1"," Min.   :1.000  "
"1"," Min.   :1.000  "
"1"," Min.   :1.000  "
"1"," Min.   :0.0000  "
"1"," Min.   :0.0000  "
"1"," Min.   :0.0000  "
"1","
"
"1","   p1105_aq1    "
"1","   p1105_aq2    "
"1","   p1105_aq3    "
"1","   p1105_aq4    "
"1","   p1105_6aq1   "
"1","   p1105_6aq2   "
"1","
"
"1"," Min.   :0.000  "
"1"," Min.   :0.000  "
"1"," Min.   :0.000  "
"1"," Min.   :0.000  "
"1"," Min.   :1.000  "
"1"," Min.   :12.00  "
"1","
"
"1","   p1105_6aq3   "
"1","   p1105_6aq4   "
"1","   p1105_6aq5   "
"1","   p1105_6aq6   "
"1","   p1105_6aq7   "
"1","   p1105_6aq8   "
"1","
"
"1"," Min.   :12.00  "
"1"," Min.   :1.000  "
"1"," Min.   :16.00  "
"1"," Min.   :16.00  "
"1"," Min.   :1.000  "
"1"," Min.   :16.0   "
"1","
"
"1","   p1105_6aq9   "
"1","   p1105_7aq1   "
"1","   p1105_7aq2   "
"1","   p1105_7aq3   "
"1","   p1107_3aq1   "
"1","   p1107_3aq2    "
"1","
"
"1"," Min.   :16.0   "
"1"," Min.   :1.000  "
"1"," Min.   :1.000  "
"1"," Min.   :1.000  "
"1"," Min.   :1.000  "
"1"," Min.   : 1.000  "
"1","
"
"1","   p1107_3aq3   "
"1","   p1107_3aq4   "
"1","   p1107_3aq5    "
"1","   p1107_3aq6   "
"1","   p1107_3aq7   "
"1","    np1106_1    "
"1","
"
"1"," Min.   :11.00  "
"1"," Min.   :11000  "
"1"," Min.   : 1.000  "
"1"," Min.   :11.00  "
"1"," Min.   :11000  "
"1"," Min.   :1.000  "
"1","
"
"1","    np1106_2    "
"1","    np1106_3    "
"1","    np1106_4    "
"1","    np1106_5    "
"1","    np1106_6    "
"1","    np1106_7    "
"1","
"
"1"," Min.   :1.00   "
"1"," Min.   :1.000  "
"1"," Min.   :1944   "
"1"," Min.   :1947   "
"1"," Min.   :1.00   "
"1"," Min.   :1947   "
"1","
"
"1","    np1106_8    "
"1","    np1106_9    "
"1","   np1106_10    "
"1","   np1106_11    "
"1","   np1106_12    "
"1","   np1106_13    "
"1","
"
"1"," Min.   :1973   "
"1"," Min.   :1.000  "
"1"," Min.   :1979   "
"1"," Min.   :1990   "
"1"," Min.   :1.000  "
"1"," Min.   :1969   "
"1","
"
"1","   np1106_14    "
"1","   np1106_15    "
"1","   np1106_16    "
"1","   np1106_17    "
"1","   np1106_18    "
"1","   np1106_19    "
"1","
"
"1"," Min.   :1972   "
"1"," Min.   :1.000  "
"1"," Min.   :1991   "
"1"," Min.   :1993   "
"1"," Min.   :1      "
"1"," Min.   :1988   "
"1","
"
"1","   np1106_20    "
"1","   np1106_21    "
"1","   np1106_22    "
"1","   np1106_23    "
"1","   np1106_24    "
"1","   np1106_25    "
"1","
"
"1"," Min.   :1990   "
"1"," Min.   :1.000  "
"1"," Min.   :1987   "
"1"," Min.   :1988   "
"1"," Min.   :1.000  "
"1"," Min.   :0.000  "
"1","
"
"1","   np1106_26    "
"1","   np1106_27    "
"1","   np1106_28    "
"1","   np1106_29    "
"1","   np1106_30    "
"1","   np1106_31    "
"1","
"
"1"," Min.   :0.000  "
"1"," Min.   :0.000  "
"1"," Min.   : 1.00  "
"1"," Min.   : 1.00  "
"1"," Min.   :13     "
"1"," Min.   :1.000  "
"1","
"
"1","   np1106_32    "
"1","   np1106_33    "
"1","   np1106_34     "
"1","   np1106_35    "
"1","   np1106_36    "
"1","   np1106_37    "
"1","
"
"1"," Min.   : 2.00  "
"1"," Min.   :1.00   "
"1"," Min.   : 0.000  "
"1"," Min.   :1.000  "
"1"," Min.   : 7.00  "
"1"," Min.   :1.000  "
"1","
"
"1","   np1106_38    "
"1","   np1106_39    "
"1","   np1106_40    "
"1","   np1106_41     "
"1","   np1106_42    "
"1","   np1106_43    "
"1","
"
"1"," Min.   : 0.00  "
"1"," Min.   :1.000  "
"1"," Min.   :1.000  "
"1"," Min.   : 2.000  "
"1"," Min.   : 3.00  "
"1"," Min.   :1.000  "
"1","
"
"1","   np1106_44    "
"1","   p1106_3aq1   "
"1","   wc11_fnum    "
"1","    wc11_cp     "
"1","     wc11_1     "
"1","     wc11_2     "
"1","
"
"1"," Min.   :1.000  "
"1"," Min.   :1.000  "
"1"," Min.   :1.00   "
"1"," Min.   :1.000  "
"1"," Min.   :1.000  "
"1"," Min.   :1.000  "
"1","
"
"1","     wc11_3     "
"1","   wc11_5aq1    "
"1","     wc11_4     "
"1","   wc11_5aq2    "
"1","   wc11_5aq3    "
"1","   wc11_8aq1    "
"1","
"
"1"," Min.   :1.000  "
"1"," Min.   :0.000  "
"1"," Min.   :1.000  "
"1"," Min.   :1.0    "
"1"," Min.   :1.000  "
"1"," Min.   :1.000  "
"1","
"
"1","   wc11_8aq2    "
"1","   wc11_8aq3    "
"1","   wc11_8aq4    "
"1","   wc11_8aq5    "
"1","   wc11_8aq6    "
"1","   wc11_8aq7    "
"1","
"
"1"," Min.   :1.000  "
"1"," Min.   :1.000  "
"1"," Min.   :1.000  "
"1"," Min.   :1.000  "
"1"," Min.   :1.000  "
"1"," Min.   :1.000  "
"1","
"
"1","   wc11_8aq8    "
"1","   wc11_8aq9    "
"1","   wc11_8aq10   "
"1","   wc11_8aq11   "
"1","     wc11_5     "
"1","     wc11_6     "
"1","
"
"1"," Min.   :1.000  "
"1"," Min.   :1.000  "
"1"," Min.   :1.000  "
"1"," Min.   :1.00   "
"1"," Min.   :1.000  "
"1"," Min.   :1.000  "
"1","
"
"1","     wc11_7     "
"1","     wc11_8     "
"1","     wc11_9     "
"1","    wc11_10     "
"1","    wc11_11     "
"1","    wc11_12     "
"1","
"
"1"," Min.   :1.000  "
"1"," Min.   :1.000  "
"1"," Min.   :1.000  "
"1"," Min.   :1.000  "
"1"," Min.   :1.000  "
"1"," Min.   :1.000  "
"1","
"
"1","    wc11_13     "
"1","    wc11_14     "
"1","    wc11_15     "
"1","    wc11_16     "
"1","    wc11_17     "
"1","    wc11_18     "
"1","
"
"1"," Min.   :1.000  "
"1"," Min.   :1.000  "
"1"," Min.   :1.000  "
"1"," Min.   :1.000  "
"1"," Min.   :1.00   "
"1"," Min.   :1.000  "
"1","
"
"1","    wc11_19     "
"1","    wc11_20     "
"1","    wc11_21     "
"1","    wc11_22     "
"1","    wc11_23     "
"1","    wc11_24     "
"1","
"
"1"," Min.   :1.000  "
"1"," Min.   :1.000  "
"1"," Min.   :1.000  "
"1"," Min.   :1.000  "
"1"," Min.   :0.000  "
"1"," Min.   :1.000  "
"1","
"
"1","    wc11_25     "
"1","    wc11_26     "
"1","    wc11_27     "
"1","    wc11_28     "
"1","    wc11_29     "
"1","    wc11_30     "
"1","
"
"1"," Min.   :1.000  "
"1"," Min.   :1.000  "
"1"," Min.   :1.000  "
"1"," Min.   :1.000  "
"1"," Min.   :1.000  "
"1"," Min.   :1.000  "
"1","
"
"1","    wc11_31     "
"1","    wc11_32     "
"1","    wc11_33     "
"1","    wc11_34     "
"1","    wc11_35     "
"1","    wc11_36     "
"1","
"
"1"," Min.   :1.000  "
"1"," Min.   :1.000  "
"1"," Min.   :1.000  "
"1"," Min.   :1.000  "
"1"," Min.   :1.000  "
"1"," Min.   :1.000  "
"1","
"
"1","    wc11_37     "
"1","    wc11_38     "
"1","    wc11_39     "
"1","    wc11_40     "
"1","    wc11_41     "
"1","    wc11_42     "
"1","
"
"1"," Min.   :1.000  "
"1"," Min.   :1.000  "
"1"," Min.   :1.000  "
"1"," Min.   :1.000  "
"1"," Min.   :1.000  "
"1"," Min.   :1.000  "
"1","
"
"1","    wc11_43     "
"1","    wc11_44     "
"1","    wc11_45     "
"1","    wc11_46     "
"1","    wc11_47     "
"1","    wc11_48     "
"1","
"
"1"," Min.   :1.000  "
"1"," Min.   :1.000  "
"1"," Min.   :0.000  "
"1"," Min.   :1.000  "
"1"," Min.   :1.000  "
"1"," Min.   :1.000  "
"1","
"
"1","    wc11_49     "
"1","    wc11_50     "
"1","    wc11_51     "
"1","    wc11_52     "
"1","    wc11_53     "
"1","    wc11_54     "
"1","
"
"1"," Min.   :1.000  "
"1"," Min.   :1.000  "
"1"," Min.   :1.000  "
"1"," Min.   :1.000  "
"1"," Min.   :1.000  "
"1"," Min.   :1.000  "
"1","
"
"1","    wc11_55     "
"1","    wc11_56     "
"1","    wc11_58     "
"1","    wc11_59     "
"1","    wc11_60     "
"1","
"
"1"," Min.   :1.000  "
"1"," Min.   :1.000  "
"1"," Min.   :1.000  "
"1"," Min.   :1.000  "
"1"," Min.   :1.000  "
"1","
"
"1","                                               wc11_61     "
"1","    wc11_62     "
"1","    wc11_63     "
"1","
"
"1","                                                   :12545  "
"1"," Min.   :1.000  "
"1"," Min.   :1.000  "
"1","
"
"1","                                              wc11_8aq12   "
"1","    wc11_64      "
"1","
"
"1","                                                   :12545  "
"1"," Min.   : 1.000  "
"1","
"
"1","                                               wc11_65     "
"1","   wc11_5aq4    "
"1","   wc11_5aq5    "
"1","   wc11_5aq6    "
"1","
"
"1","                                                   :12545  "
"1"," Min.   :1.000  "
"1"," Min.   :1.000  "
"1"," Min.   :1.000  "
"1","
"
"1"," h11_pers_income1"
"1"," h11_pers_income2"
"1"," h11_pers_income3"
"1"," h11_pers_income4  "
"1"," h11_pers_income5  "
"1","
"
"1"," Min.   :    0   "
"1"," Min.   :    0   "
"1"," Min.   :-12007  "
"1"," Min.   :   0.000  "
"1"," Min.   :-16480.0  "
"1","
"
"1"," [ reached getOption(""max.print"") -- omitted 6 rows ]
"
